-- phpMyAdmin SQL Dump
-- version 5.2.1
-- https://www.phpmyadmin.net/
--
-- Host: 127.0.0.1
-- Generation Time: May 22, 2025 at 03:30 PM
-- Server version: 10.4.32-MariaDB
-- PHP Version: 8.2.12

SET SQL_MODE = "NO_AUTO_VALUE_ON_ZERO";
START TRANSACTION;
SET time_zone = "+00:00";


/*!40101 SET @OLD_CHARACTER_SET_CLIENT=@@CHARACTER_SET_CLIENT */;
/*!40101 SET @OLD_CHARACTER_SET_RESULTS=@@CHARACTER_SET_RESULTS */;
/*!40101 SET @OLD_COLLATION_CONNECTION=@@COLLATION_CONNECTION */;
/*!40101 SET NAMES utf8mb4 */;

--
-- Database: `twitter`
--

-- --------------------------------------------------------

--
-- Table structure for table `twitter_comments`
--

CREATE TABLE `twitter_comments` (
  `id` int(11) NOT NULL,
  `user_id` int(11) DEFAULT NULL,
  `post_id` int(11) DEFAULT NULL,
  `comment` varchar(255) DEFAULT NULL,
  `created_at` timestamp NOT NULL DEFAULT current_timestamp(),
  `updated_at` timestamp NOT NULL DEFAULT current_timestamp()
) ENGINE=InnoDB DEFAULT CHARSET=utf8mb4 COLLATE=utf8mb4_general_ci;

--
-- Dumping data for table `twitter_comments`
--

INSERT INTO `twitter_comments` (`id`, `user_id`, `post_id`, `comment`, `created_at`, `updated_at`) VALUES
(12, 15, 214, 'Yess', '2025-05-12 12:53:36', '2025-05-12 12:53:36'),
(13, 9, 222, 'Hello', '2025-05-13 04:35:16', '2025-05-13 04:35:16'),
(29, 9, 221, 'yes', '2025-05-13 05:26:09', '2025-05-13 05:26:09'),
(30, 9, 220, 'No...!', '2025-05-13 05:26:29', '2025-05-13 05:26:29'),
(31, 9, 217, 'Hello', '2025-05-13 05:26:40', '2025-05-13 05:26:40'),
(32, 9, 220, 'How are you', '2025-05-13 05:27:58', '2025-05-13 05:27:58'),
(33, 9, 218, 'I am good, how are you', '2025-05-13 05:28:24', '2025-05-13 05:28:24'),
(34, 9, 218, 'Good', '2025-05-13 05:28:41', '2025-05-13 05:28:41'),
(39, 9, 217, 'Hi', '2025-05-13 08:27:31', '2025-05-13 08:27:31'),
(40, 9, 216, 'dc', '2025-05-13 08:45:52', '2025-05-13 08:45:52'),
(41, 9, 216, 'Hello', '2025-05-13 08:51:51', '2025-05-13 08:51:51'),
(42, 9, 215, 'Hello', '2025-05-13 08:57:04', '2025-05-13 08:57:04'),
(47, 9, 239, 'Congratulations', '2025-05-13 13:49:23', '2025-05-13 13:49:23'),
(53, 9, 251, 'efrer', '2025-05-14 10:26:41', '2025-05-14 10:26:41'),
(54, 9, 251, 'dfdfv', '2025-05-14 10:26:45', '2025-05-14 10:26:45'),
(55, 9, 251, 'dfdfv', '2025-05-14 10:26:45', '2025-05-14 10:26:45'),
(56, 9, 244, 'cdcdc', '2025-05-14 11:25:16', '2025-05-14 11:25:16'),
(57, 9, 244, 'sdsdc', '2025-05-14 11:25:22', '2025-05-14 11:25:22'),
(58, 9, 244, 'sdcdfc', '2025-05-14 11:25:25', '2025-05-14 11:25:25'),
(67, 9, 277, 'Good evening', '2025-05-15 13:53:08', '2025-05-15 13:53:08'),
(68, 9, 235, 'Nice...', '2025-05-15 13:54:03', '2025-05-15 13:54:03'),
(69, 15, 277, 'Hii, good evening..!', '2025-05-15 13:54:37', '2025-05-15 13:54:37'),
(70, 17, 244, 'ddfvdfvfv', '2025-05-15 14:01:00', '2025-05-15 14:01:00'),
(71, 17, 277, 'fdvdfv', '2025-05-16 10:06:36', '2025-05-16 10:06:36'),
(72, 17, 261, 'Hello', '2025-05-16 10:09:23', '2025-05-16 10:09:23'),
(73, 14, 235, 'Nice', '2025-05-16 10:46:30', '2025-05-16 10:46:30'),
(81, 14, 278, 'Hello Ravi', '2025-05-16 11:38:22', '2025-05-16 11:38:22'),
(83, 9, 259, 'Hello Suresh', '2025-05-16 11:50:06', '2025-05-16 11:50:06'),
(84, 9, 259, 'Hii', '2025-05-16 11:50:30', '2025-05-16 11:50:30'),
(85, 21, 259, 'Myself', '2025-05-16 11:52:32', '2025-05-16 11:52:32'),
(87, 9, 259, 'Hi Suresh , how are you', '2025-05-16 16:00:53', '2025-05-16 16:00:53'),
(110, 9, 274, 'cdcdc', '2025-05-17 09:30:48', '2025-05-17 09:30:48'),
(115, 9, 277, 'hello jagdish', '2025-05-17 11:57:48', '2025-05-17 11:57:48'),
(116, 17, 286, 'ff', '2025-05-17 11:59:29', '2025-05-17 11:59:29'),
(117, 17, 286, 'Congratulations', '2025-05-17 12:00:07', '2025-05-17 12:00:07'),
(118, 9, 277, 'dfvdfv', '2025-05-19 05:18:28', '2025-05-19 05:18:28'),
(119, 9, 219, 'YJTY', '2025-05-19 06:25:46', '2025-05-19 06:25:46'),
(120, 9, 219, 'DRTUDRTUDJH', '2025-05-19 06:25:52', '2025-05-19 06:25:52'),
(121, 9, 258, 'DTFHDFTJHT', '2025-05-19 06:26:07', '2025-05-19 06:26:07'),
(124, 15, 286, 'rfr', '2025-05-19 07:05:42', '2025-05-19 07:05:42'),
(131, 9, 286, 'dccdc', '2025-05-19 09:25:22', '2025-05-19 09:25:22'),
(132, 9, 235, 'dddd', '2025-05-19 09:31:06', '2025-05-19 09:31:06'),
(133, 9, 46, 'Nice', '2025-05-19 09:36:28', '2025-05-19 09:36:28'),
(134, 9, 286, 'kkkkkkkkkk', '2025-05-19 09:52:22', '2025-05-19 09:52:22'),
(135, 9, 286, 'fvfvfv', '2025-05-19 10:48:08', '2025-05-19 10:48:08'),
(136, 9, 286, 'fffc', '2025-05-19 10:48:48', '2025-05-19 10:48:48'),
(137, 14, 286, 'Nice', '2025-05-19 10:55:40', '2025-05-19 10:55:40'),
(138, 9, 286, 'ee', '2025-05-19 10:58:44', '2025-05-19 10:58:44'),
(139, 9, 256, 'ff', '2025-05-19 11:02:59', '2025-05-19 11:02:59'),
(140, 9, 285, 'hello', '2025-05-19 12:13:33', '2025-05-19 12:13:33'),
(144, 9, 286, 'Hello ...', '2025-05-19 13:13:22', '2025-05-19 13:13:22'),
(147, 19, 286, 'Good job...!', '2025-05-19 13:50:01', '2025-05-19 13:50:01'),
(151, 19, 286, 'Amazing...!', '2025-05-19 13:55:42', '2025-05-19 13:55:42'),
(155, 9, 286, 'ggg', '2025-05-20 03:00:32', '2025-05-20 03:00:32'),
(156, 9, 286, 'Good Morning...!', '2025-05-20 03:09:42', '2025-05-20 03:09:42'),
(157, 9, 286, 'dcdcdc', '2025-05-20 03:29:12', '2025-05-20 03:29:12'),
(158, 15, 286, 'Nice', '2025-05-20 04:17:40', '2025-05-20 04:17:40'),
(159, 15, 286, 'Amazing...!', '2025-05-20 04:17:47', '2025-05-20 04:17:47'),
(160, 15, 230, 'sdcsdc', '2025-05-20 04:21:21', '2025-05-20 04:21:21'),
(161, 15, 230, 'sdcdc', '2025-05-20 04:21:35', '2025-05-20 04:21:35'),
(167, 9, 286, 'dc', '2025-05-20 08:16:52', '2025-05-20 08:16:52'),
(168, 9, 286, 'qdwcdcdcdwcdc', '2025-05-20 15:54:05', '2025-05-20 15:54:05'),
(169, 9, 46, 'sdcsdcdsc', '2025-05-20 16:55:42', '2025-05-20 16:55:42'),
(170, 9, 46, 'wcdwcdc', '2025-05-20 16:55:50', '2025-05-20 16:55:50'),
(171, 15, 289, 'Good Morning', '2025-05-21 03:09:23', '2025-05-21 03:09:23'),
(172, 9, 290, 'qwdqwdqwdqwd', '2025-05-21 03:12:16', '2025-05-21 03:12:16'),
(173, 9, 254, 'sdc', '2025-05-21 05:49:15', '2025-05-21 05:49:15'),
(174, 9, 254, 'sc', '2025-05-21 05:49:20', '2025-05-21 05:49:20'),
(175, 9, 291, 'fdf', '2025-05-21 06:15:05', '2025-05-21 06:15:05'),
(176, 9, 291, 'wefwef', '2025-05-21 06:15:11', '2025-05-21 06:15:11'),
(177, 9, 291, 'fvfv', '2025-05-21 06:15:15', '2025-05-21 06:15:15'),
(178, 9, 290, 'dscdc', '2025-05-21 06:18:20', '2025-05-21 06:18:20'),
(179, 9, 290, 'qwdd', '2025-05-21 06:18:24', '2025-05-21 06:18:24'),
(180, 9, 290, 'sdcdc', '2025-05-21 06:18:30', '2025-05-21 06:18:30'),
(181, 9, 290, 'dcsdc', '2025-05-21 06:18:31', '2025-05-21 06:18:31'),
(182, 9, 290, 'sdc', '2025-05-21 06:19:52', '2025-05-21 06:19:52'),
(183, 9, 289, 'cdc', '2025-05-21 06:23:08', '2025-05-21 06:23:08'),
(184, 9, 291, 'fv', '2025-05-21 06:34:30', '2025-05-21 06:34:30'),
(185, 9, 289, 'dfv', '2025-05-21 06:38:34', '2025-05-21 06:38:34'),
(186, 9, 289, 'c', '2025-05-21 06:38:39', '2025-05-21 06:38:39'),
(187, 9, 289, 'dcc', '2025-05-21 06:38:41', '2025-05-21 06:38:41'),
(188, 15, 229, 'dcdc', '2025-05-21 08:24:34', '2025-05-21 08:24:34'),
(189, 15, 229, 'sdc', '2025-05-21 08:24:37', '2025-05-21 08:24:37'),
(190, 15, 231, 'sdc', '2025-05-21 08:25:26', '2025-05-21 08:25:26'),
(191, 15, 231, 'zxcc', '2025-05-21 08:27:20', '2025-05-21 08:27:20'),
(192, 15, 231, 'sdc', '2025-05-21 08:27:28', '2025-05-21 08:27:28'),
(193, 9, 290, 'fv', '2025-05-21 08:31:41', '2025-05-21 08:31:41'),
(194, 9, 289, 'dfv', '2025-05-21 08:35:45', '2025-05-21 08:35:45'),
(195, 9, 290, 'rfvfv', '2025-05-21 08:35:50', '2025-05-21 08:35:50'),
(196, 9, 290, 'cdc', '2025-05-21 08:42:06', '2025-05-21 08:42:06'),
(197, 9, 290, 'dcdc', '2025-05-21 08:43:11', '2025-05-21 08:43:11'),
(198, 9, 290, 'cdc', '2025-05-21 08:43:16', '2025-05-21 08:43:16'),
(199, 9, 290, 'd', '2025-05-21 08:43:22', '2025-05-21 08:43:22'),
(200, 9, 290, 'efef', '2025-05-21 08:47:28', '2025-05-21 08:47:28'),
(201, 16, 289, 'efdf', '2025-05-21 08:52:00', '2025-05-21 08:52:00'),
(202, 16, 289, 'efdfsf', '2025-05-21 08:52:03', '2025-05-21 08:52:03'),
(203, 16, 289, 'edwede', '2025-05-21 08:52:06', '2025-05-21 08:52:06'),
(204, 16, 289, 'ewfwef', '2025-05-21 08:52:09', '2025-05-21 08:52:09'),
(205, 16, 285, 'dcddc', '2025-05-21 08:53:01', '2025-05-21 08:53:01'),
(206, 16, 290, 'c', '2025-05-21 08:53:53', '2025-05-21 08:53:53'),
(207, 16, 290, 'eded', '2025-05-21 08:53:56', '2025-05-21 08:53:56'),
(208, 9, 295, 'csdc', '2025-05-21 09:07:33', '2025-05-21 09:07:33'),
(209, 9, 295, 'csdcdc', '2025-05-21 09:07:36', '2025-05-21 09:07:36'),
(210, 9, 295, 'sdscc', '2025-05-21 09:07:46', '2025-05-21 09:07:46'),
(211, 9, 293, 'dcdc', '2025-05-21 09:15:37', '2025-05-21 09:15:37'),
(212, 9, 293, 'sdcdcdc', '2025-05-21 09:15:40', '2025-05-21 09:15:40'),
(213, 21, 295, 'sdcdc', '2025-05-21 09:15:45', '2025-05-21 09:15:45'),
(214, 21, 295, 'dcdc', '2025-05-21 09:15:48', '2025-05-21 09:15:48'),
(215, 9, 293, 'jmj', '2025-05-21 09:18:28', '2025-05-21 09:18:28'),
(216, 21, 293, 'fgfgfh', '2025-05-21 09:28:32', '2025-05-21 09:28:32'),
(217, 21, 295, 'fdvdfvfv', '2025-05-21 09:48:56', '2025-05-21 09:48:56'),
(219, 9, 286, 'asasx', '2025-05-21 11:14:16', '2025-05-21 11:14:16'),
(220, 9, 286, 'csdcsc', '2025-05-21 11:14:27', '2025-05-21 11:14:27'),
(221, 9, 286, 'dfvfv', '2025-05-21 11:14:54', '2025-05-21 11:14:54'),
(222, 9, 286, 'vvdvfv', '2025-05-21 11:14:57', '2025-05-21 11:14:57'),
(223, 9, 286, 'fdfvdfv', '2025-05-21 11:15:09', '2025-05-21 11:15:09'),
(226, 9, 255, 'sdsdc', '2025-05-21 11:25:21', '2025-05-21 11:25:21'),
(227, 9, 298, 'scdc', '2025-05-21 11:51:25', '2025-05-21 11:51:25'),
(228, 9, 298, 'sdc', '2025-05-21 11:51:27', '2025-05-21 11:51:27'),
(229, 9, 298, 'dc', '2025-05-21 11:51:29', '2025-05-21 11:51:29'),
(231, 9, 298, 'ghgh', '2025-05-21 12:30:15', '2025-05-21 12:30:15'),
(232, 9, 298, 'fgh', '2025-05-21 12:30:21', '2025-05-21 12:30:21'),
(233, 9, 298, 'fh', '2025-05-21 12:30:23', '2025-05-21 12:30:23'),
(234, 9, 294, 'dfvfv', '2025-05-21 12:46:13', '2025-05-21 12:46:13'),
(235, 9, 294, 'dfv', '2025-05-21 12:46:15', '2025-05-21 12:46:15'),
(236, 9, 294, 'dfv', '2025-05-21 12:46:25', '2025-05-21 12:46:25'),
(237, 9, 257, 'sdcdc', '2025-05-21 12:54:30', '2025-05-21 12:54:30'),
(238, 14, 230, 'Congratulations...', '2025-05-21 12:59:51', '2025-05-21 12:59:51'),
(239, 14, 295, 'fd', '2025-05-21 13:07:41', '2025-05-21 13:07:41'),
(240, 14, 295, 'dfv', '2025-05-21 13:07:46', '2025-05-21 13:07:46'),
(241, 14, 295, 'dfv', '2025-05-21 13:07:48', '2025-05-21 13:07:48'),
(242, 14, 295, 'dfv', '2025-05-21 13:07:51', '2025-05-21 13:07:51'),
(243, 14, 259, 'sdcsdc', '2025-05-21 13:53:22', '2025-05-21 13:53:22'),
(244, 9, 298, 'asasc', '2025-05-21 17:14:32', '2025-05-21 17:14:32'),
(245, 15, 298, 'sdcdc', '2025-05-22 06:34:46', '2025-05-22 06:34:46'),
(246, 15, 298, 'fgbfgb', '2025-05-22 06:38:51', '2025-05-22 06:38:51'),
(247, 15, 298, 'fgbfgb', '2025-05-22 06:38:54', '2025-05-22 06:38:54'),
(248, 15, 298, 'fgbfgb', '2025-05-22 06:38:56', '2025-05-22 06:38:56'),
(249, 15, 298, 'dscsdc', '2025-05-22 06:47:02', '2025-05-22 06:47:02'),
(250, 15, 292, 'sdcsdc', '2025-05-22 06:47:09', '2025-05-22 06:47:09'),
(251, 15, 292, 'sdcsdc', '2025-05-22 06:47:13', '2025-05-22 06:47:13'),
(252, 15, 292, 'sdcsdc', '2025-05-22 06:47:19', '2025-05-22 06:47:19'),
(253, 15, 292, 'sdcsc', '2025-05-22 06:47:20', '2025-05-22 06:47:20'),
(254, 15, 290, 'dcsdc', '2025-05-22 06:48:09', '2025-05-22 06:48:09'),
(255, 15, 290, 'asas', '2025-05-22 06:48:13', '2025-05-22 06:48:13'),
(256, 15, 235, 'asxax', '2025-05-22 06:48:20', '2025-05-22 06:48:20'),
(257, 15, 235, 'sdcsc', '2025-05-22 06:48:37', '2025-05-22 06:48:37'),
(258, 15, 258, 'sc', '2025-05-22 06:48:43', '2025-05-22 06:48:43'),
(259, 15, 258, 'sdvsv', '2025-05-22 06:48:48', '2025-05-22 06:48:48'),
(260, 15, 290, 'sdf', '2025-05-22 08:09:49', '2025-05-22 08:09:49'),
(261, 15, 290, 'errf', '2025-05-22 08:09:54', '2025-05-22 08:09:54'),
(262, 15, 290, 'df', '2025-05-22 08:09:55', '2025-05-22 08:09:55'),
(263, 15, 290, 'sdf', '2025-05-22 08:41:22', '2025-05-22 08:41:22'),
(264, 15, 290, 'sf', '2025-05-22 08:41:24', '2025-05-22 08:41:24'),
(265, 15, 258, 'dfgdg', '2025-05-22 08:52:51', '2025-05-22 08:52:51'),
(266, 15, 299, 'gfg', '2025-05-22 09:11:37', '2025-05-22 09:11:37'),
(267, 15, 299, 'fhf', '2025-05-22 09:11:40', '2025-05-22 09:11:40'),
(268, 15, 299, 'fghfh', '2025-05-22 09:11:43', '2025-05-22 09:11:43'),
(269, 15, 299, 'fh', '2025-05-22 09:11:47', '2025-05-22 09:11:47'),
(270, 17, 244, 'dfg', '2025-05-22 09:26:51', '2025-05-22 09:26:51'),
(271, 17, 244, 'dfgdfg', '2025-05-22 09:26:57', '2025-05-22 09:26:57'),
(272, 17, 293, 'sdcsc', '2025-05-22 11:48:17', '2025-05-22 11:48:17'),
(273, 17, 293, 'sdc', '2025-05-22 11:48:20', '2025-05-22 11:48:20');

-- --------------------------------------------------------

--
-- Table structure for table `twitter_followers`
--

CREATE TABLE `twitter_followers` (
  `id` int(11) NOT NULL,
  `follower_id` int(11) DEFAULT NULL,
  `following_id` int(11) DEFAULT NULL,
  `created_at` timestamp NOT NULL DEFAULT current_timestamp(),
  `updated_at` timestamp NOT NULL DEFAULT current_timestamp()
) ENGINE=InnoDB DEFAULT CHARSET=utf8mb4 COLLATE=utf8mb4_general_ci;

--
-- Dumping data for table `twitter_followers`
--

INSERT INTO `twitter_followers` (`id`, `follower_id`, `following_id`, `created_at`, `updated_at`) VALUES
(326, 17, 9, '2025-05-15 13:51:35', '2025-05-15 13:51:35'),
(328, 17, 15, '2025-05-15 13:51:42', '2025-05-15 13:51:42'),
(350, 17, 19, '2025-05-16 10:07:28', '2025-05-16 10:07:28'),
(387, 14, 16, '2025-05-19 04:19:05', '2025-05-19 04:19:05'),
(388, 14, 9, '2025-05-19 04:21:48', '2025-05-19 04:21:48'),
(583, 19, 9, '2025-05-19 13:50:39', '2025-05-19 13:50:39'),
(592, 9, 17, '2025-05-19 13:53:35', '2025-05-19 13:53:35'),
(593, 9, 14, '2025-05-19 13:53:36', '2025-05-19 13:53:36'),
(595, 9, 19, '2025-05-19 13:53:37', '2025-05-19 13:53:37'),
(597, 9, 21, '2025-05-20 08:21:44', '2025-05-20 08:21:44'),
(603, 15, 21, '2025-05-21 08:19:26', '2025-05-21 08:19:26'),
(610, 21, 9, '2025-05-21 09:13:39', '2025-05-21 09:13:39'),
(612, 9, 15, '2025-05-21 11:47:25', '2025-05-21 11:47:25'),
(616, 15, 9, '2025-05-21 12:18:50', '2025-05-21 12:18:50'),
(621, 14, 15, '2025-05-21 13:02:29', '2025-05-21 13:02:29'),
(623, 14, 17, '2025-05-21 13:02:31', '2025-05-21 13:02:31'),
(625, 14, 19, '2025-05-21 13:02:35', '2025-05-21 13:02:35'),
(643, 16, 9, '2025-05-21 13:59:12', '2025-05-21 13:59:12'),
(644, 9, 16, '2025-05-21 17:02:14', '2025-05-21 17:02:14'),
(658, 15, 19, '2025-05-22 09:17:25', '2025-05-22 09:17:25'),
(661, 15, 17, '2025-05-22 09:17:38', '2025-05-22 09:17:38'),
(672, 19, 17, '2025-05-22 12:37:45', '2025-05-22 12:37:45'),
(673, 19, 21, '2025-05-22 13:02:59', '2025-05-22 13:02:59');

-- --------------------------------------------------------

--
-- Table structure for table `twitter_likes`
--

CREATE TABLE `twitter_likes` (
  `id` int(11) NOT NULL,
  `user_id` int(11) NOT NULL,
  `liked_id` int(11) NOT NULL,
  `likeable_type` enum('post','comment','reply') NOT NULL,
  `created_at` datetime DEFAULT current_timestamp(),
  `updated_at` datetime DEFAULT current_timestamp() ON UPDATE current_timestamp()
) ENGINE=InnoDB DEFAULT CHARSET=utf8mb4 COLLATE=utf8mb4_general_ci;

--
-- Dumping data for table `twitter_likes`
--

INSERT INTO `twitter_likes` (`id`, `user_id`, `liked_id`, `likeable_type`, `created_at`, `updated_at`) VALUES
(507, 17, 244, 'post', '2025-05-15 19:30:53', '2025-05-15 19:30:53'),
(508, 17, 225, 'post', '2025-05-16 15:39:12', '2025-05-16 15:39:12'),
(510, 14, 278, 'post', '2025-05-16 16:53:42', '2025-05-16 16:53:42'),
(513, 21, 278, 'post', '2025-05-16 18:28:10', '2025-05-16 18:28:10'),
(523, 9, 230, 'post', '2025-05-16 22:32:44', '2025-05-16 22:32:44'),
(525, 16, 278, 'post', '2025-05-16 22:50:31', '2025-05-16 22:50:31'),
(526, 16, 235, 'post', '2025-05-16 22:55:29', '2025-05-16 22:55:29'),
(527, 16, 234, 'post', '2025-05-16 22:55:32', '2025-05-16 22:55:32'),
(531, 15, 281, 'post', '2025-05-16 23:10:01', '2025-05-16 23:10:01'),
(533, 15, 283, 'post', '2025-05-16 23:36:33', '2025-05-16 23:36:33'),
(534, 14, 284, 'post', '2025-05-16 23:37:58', '2025-05-16 23:37:58'),
(537, 15, 286, 'post', '2025-05-17 10:48:34', '2025-05-17 10:48:34'),
(538, 14, 286, 'post', '2025-05-17 10:48:54', '2025-05-17 10:48:54'),
(569, 9, 252, 'post', '2025-05-17 16:01:45', '2025-05-17 16:01:45'),
(572, 17, 286, 'post', '2025-05-17 17:29:56', '2025-05-17 17:29:56'),
(573, 17, 285, 'post', '2025-05-17 17:34:09', '2025-05-17 17:34:09'),
(574, 9, 202, 'post', '2025-05-17 17:36:45', '2025-05-17 17:36:45'),
(575, 9, 46, 'post', '2025-05-19 10:49:18', '2025-05-19 10:49:18'),
(576, 15, 288, 'post', '2025-05-19 11:49:27', '2025-05-19 11:49:27'),
(579, 9, 256, 'post', '2025-05-19 11:53:45', '2025-05-19 11:53:45'),
(580, 15, 285, 'post', '2025-05-19 11:54:14', '2025-05-19 11:54:14'),
(581, 15, 278, 'post', '2025-05-19 11:54:15', '2025-05-19 11:54:15'),
(585, 15, 258, 'post', '2025-05-19 11:55:00', '2025-05-19 11:55:00'),
(586, 15, 257, 'post', '2025-05-19 11:55:04', '2025-05-19 11:55:04'),
(587, 15, 256, 'post', '2025-05-19 11:55:16', '2025-05-19 11:55:16'),
(588, 15, 255, 'post', '2025-05-19 11:55:18', '2025-05-19 11:55:18'),
(589, 15, 254, 'post', '2025-05-19 11:55:21', '2025-05-19 11:55:21'),
(591, 15, 221, 'post', '2025-05-19 11:55:31', '2025-05-19 11:55:31'),
(592, 15, 220, 'post', '2025-05-19 11:55:32', '2025-05-19 11:55:32'),
(593, 15, 219, 'post', '2025-05-19 11:55:33', '2025-05-19 11:55:33'),
(608, 9, 259, 'post', '2025-05-19 15:39:20', '2025-05-19 15:39:20'),
(614, 20, 258, 'post', '2025-05-19 16:36:36', '2025-05-19 16:36:36'),
(616, 9, 261, 'post', '2025-05-19 16:41:23', '2025-05-19 16:41:23'),
(617, 9, 285, 'post', '2025-05-19 16:41:28', '2025-05-19 16:41:28'),
(621, 9, 132, 'comment', '2025-05-19 17:11:57', '2025-05-19 17:11:57'),
(623, 14, 132, 'comment', '2025-05-19 17:13:59', '2025-05-19 17:13:59'),
(625, 14, 68, 'comment', '2025-05-19 17:14:45', '2025-05-19 17:14:45'),
(653, 9, 116, 'comment', '2025-05-19 17:45:43', '2025-05-19 17:45:43'),
(654, 9, 117, 'comment', '2025-05-19 17:45:44', '2025-05-19 17:45:44'),
(665, 9, 138, 'comment', '2025-05-19 17:54:00', '2025-05-19 17:54:00'),
(670, 14, 138, 'comment', '2025-05-19 17:57:47', '2025-05-19 17:57:47'),
(671, 14, 137, 'comment', '2025-05-19 17:57:48', '2025-05-19 17:57:48'),
(672, 14, 136, 'comment', '2025-05-19 17:57:48', '2025-05-19 17:57:48'),
(673, 14, 135, 'comment', '2025-05-19 17:57:58', '2025-05-19 17:57:58'),
(674, 14, 134, 'comment', '2025-05-19 17:57:59', '2025-05-19 17:57:59'),
(677, 16, 286, 'post', '2025-05-19 17:58:20', '2025-05-19 17:58:20'),
(678, 16, 138, 'comment', '2025-05-19 17:58:21', '2025-05-19 17:58:21'),
(679, 16, 137, 'comment', '2025-05-19 17:58:22', '2025-05-19 17:58:22'),
(680, 16, 136, 'comment', '2025-05-19 17:58:23', '2025-05-19 17:58:23'),
(681, 16, 135, 'comment', '2025-05-19 17:58:24', '2025-05-19 17:58:24'),
(682, 15, 138, 'comment', '2025-05-19 17:58:40', '2025-05-19 17:58:40'),
(683, 15, 137, 'comment', '2025-05-19 17:58:41', '2025-05-19 17:58:41'),
(684, 15, 136, 'comment', '2025-05-19 17:58:42', '2025-05-19 17:58:42'),
(685, 15, 135, 'comment', '2025-05-19 17:58:42', '2025-05-19 17:58:42'),
(686, 9, 137, 'comment', '2025-05-19 18:02:04', '2025-05-19 18:02:04'),
(690, 9, 73, 'comment', '2025-05-19 18:23:01', '2025-05-19 18:23:01'),
(693, 9, 135, 'comment', '2025-05-19 18:25:11', '2025-05-19 18:25:11'),
(695, 9, 136, 'comment', '2025-05-19 18:25:20', '2025-05-19 18:25:20'),
(699, 9, 144, 'comment', '2025-05-19 18:43:36', '2025-05-19 18:43:36'),
(700, 19, 286, 'post', '2025-05-19 19:19:50', '2025-05-19 19:19:50'),
(701, 19, 148, 'comment', '2025-05-19 19:21:04', '2025-05-19 19:21:04'),
(702, 19, 147, 'comment', '2025-05-19 19:21:05', '2025-05-19 19:21:05'),
(703, 9, 148, 'comment', '2025-05-19 19:21:22', '2025-05-19 19:21:22'),
(704, 9, 147, 'comment', '2025-05-19 19:21:22', '2025-05-19 19:21:22'),
(705, 9, 278, 'post', '2025-05-19 19:22:26', '2025-05-19 19:22:26'),
(706, 19, 278, 'post', '2025-05-19 19:22:49', '2025-05-19 19:22:49'),
(707, 19, 151, 'comment', '2025-05-19 19:25:45', '2025-05-19 19:25:45'),
(715, 9, 151, 'comment', '2025-05-19 22:53:08', '2025-05-19 22:53:08'),
(720, 15, 158, 'comment', '2025-05-20 09:47:42', '2025-05-20 09:47:42'),
(723, 15, 230, 'post', '2025-05-20 09:51:23', '2025-05-20 09:51:23'),
(724, 15, 161, 'comment', '2025-05-20 09:51:37', '2025-05-20 09:51:37'),
(725, 15, 160, 'comment', '2025-05-20 09:51:38', '2025-05-20 09:51:38'),
(726, 15, 162, 'comment', '2025-05-20 09:52:00', '2025-05-20 09:52:00'),
(727, 15, 163, 'comment', '2025-05-20 09:52:17', '2025-05-20 09:52:17'),
(728, 15, 81, 'comment', '2025-05-20 09:52:18', '2025-05-20 09:52:18'),
(729, 9, 158, 'comment', '2025-05-20 11:06:11', '2025-05-20 11:06:11'),
(731, 9, 156, 'comment', '2025-05-20 13:36:26', '2025-05-20 13:36:26'),
(754, 9, 71, 'comment', '2025-05-20 14:09:56', '2025-05-20 14:09:56'),
(758, 9, 159, 'comment', '2025-05-20 14:17:31', '2025-05-20 14:17:31'),
(759, 9, 81, 'comment', '2025-05-20 14:18:47', '2025-05-20 14:18:47'),
(760, 9, 69, 'comment', '2025-05-20 14:19:29', '2025-05-20 14:19:29'),
(763, 9, 167, 'comment', '2025-05-20 21:14:49', '2025-05-20 21:14:49'),
(764, 9, 48, 'post', '2025-05-20 21:23:09', '2025-05-20 21:23:09'),
(778, 9, 121, 'comment', '2025-05-20 21:49:31', '2025-05-20 21:49:31'),
(782, 9, 31, 'reply', '2025-05-20 21:50:45', '2025-05-20 21:50:45'),
(791, 9, 39, 'reply', '2025-05-20 22:13:03', '2025-05-20 22:13:03'),
(792, 9, 27, 'reply', '2025-05-20 22:21:49', '2025-05-20 22:21:49'),
(794, 15, 41, 'reply', '2025-05-20 22:23:37', '2025-05-20 22:23:37'),
(796, 9, 155, 'comment', '2025-05-20 22:26:55', '2025-05-20 22:26:55'),
(799, 9, 41, 'reply', '2025-05-20 22:48:52', '2025-05-20 22:48:52'),
(800, 9, 40, 'reply', '2025-05-20 22:48:54', '2025-05-20 22:48:54'),
(804, 9, 171, 'comment', '2025-05-21 08:39:55', '2025-05-21 08:39:55'),
(808, 15, 289, 'post', '2025-05-21 08:50:52', '2025-05-21 08:50:52'),
(810, 16, 44, 'reply', '2025-05-21 10:01:51', '2025-05-21 10:01:51'),
(811, 16, 168, 'comment', '2025-05-21 10:02:27', '2025-05-21 10:02:27'),
(812, 16, 167, 'comment', '2025-05-21 10:02:32', '2025-05-21 10:02:32'),
(813, 16, 159, 'comment', '2025-05-21 10:02:37', '2025-05-21 10:02:37'),
(814, 16, 158, 'comment', '2025-05-21 10:02:41', '2025-05-21 10:02:41'),
(815, 16, 157, 'comment', '2025-05-21 10:02:47', '2025-05-21 10:02:47'),
(816, 16, 156, 'comment', '2025-05-21 10:02:51', '2025-05-21 10:02:51'),
(817, 16, 155, 'comment', '2025-05-21 10:06:53', '2025-05-21 10:06:53'),
(818, 16, 144, 'comment', '2025-05-21 10:06:59', '2025-05-21 10:06:59'),
(819, 16, 131, 'comment', '2025-05-21 10:07:06', '2025-05-21 10:07:06'),
(820, 16, 134, 'comment', '2025-05-21 10:07:07', '2025-05-21 10:07:07'),
(821, 16, 41, 'reply', '2025-05-21 10:07:17', '2025-05-21 10:07:17'),
(822, 16, 40, 'reply', '2025-05-21 10:07:27', '2025-05-21 10:07:27'),
(824, 9, 46, 'reply', '2025-05-21 10:11:20', '2025-05-21 10:11:20'),
(825, 16, 26, 'reply', '2025-05-21 10:11:31', '2025-05-21 10:11:31'),
(826, 16, 47, 'comment', '2025-05-21 10:12:09', '2025-05-21 10:12:09'),
(828, 16, 289, 'post', '2025-05-21 10:16:42', '2025-05-21 10:16:42'),
(835, 9, 124, 'comment', '2025-05-21 10:19:37', '2025-05-21 10:19:37'),
(845, 9, 286, 'post', '2025-05-21 11:19:01', '2025-05-21 11:19:01'),
(847, 9, 258, 'post', '2025-05-21 11:19:07', '2025-05-21 11:19:07'),
(849, 9, 254, 'post', '2025-05-21 11:19:16', '2025-05-21 11:19:16'),
(850, 9, 220, 'post', '2025-05-21 11:19:23', '2025-05-21 11:19:23'),
(851, 9, 221, 'post', '2025-05-21 11:19:24', '2025-05-21 11:19:24'),
(852, 9, 253, 'post', '2025-05-21 11:19:25', '2025-05-21 11:19:25'),
(862, 9, 168, 'comment', '2025-05-21 11:36:57', '2025-05-21 11:36:57'),
(865, 9, 277, 'post', '2025-05-21 11:38:55', '2025-05-21 11:38:55'),
(874, 9, 172, 'comment', '2025-05-21 11:42:16', '2025-05-21 11:42:16'),
(880, 9, 75, 'reply', '2025-05-21 11:43:31', '2025-05-21 11:43:31'),
(883, 9, 76, 'reply', '2025-05-21 11:43:56', '2025-05-21 11:43:56'),
(887, 9, 177, 'comment', '2025-05-21 11:45:16', '2025-05-21 11:45:16'),
(888, 9, 176, 'comment', '2025-05-21 11:45:16', '2025-05-21 11:45:16'),
(889, 9, 83, 'reply', '2025-05-21 11:45:56', '2025-05-21 11:45:56'),
(890, 9, 82, 'reply', '2025-05-21 11:45:57', '2025-05-21 11:45:57'),
(896, 9, 73, 'reply', '2025-05-21 11:49:09', '2025-05-21 11:49:09'),
(897, 9, 72, 'reply', '2025-05-21 11:49:10', '2025-05-21 11:49:10'),
(898, 9, 62, 'reply', '2025-05-21 11:49:33', '2025-05-21 11:49:33'),
(899, 9, 55, 'reply', '2025-05-21 11:49:34', '2025-05-21 11:49:34'),
(900, 9, 65, 'reply', '2025-05-21 11:49:35', '2025-05-21 11:49:35'),
(901, 9, 71, 'reply', '2025-05-21 11:49:36', '2025-05-21 11:49:36'),
(902, 9, 95, 'reply', '2025-05-21 11:50:07', '2025-05-21 11:50:07'),
(903, 9, 180, 'comment', '2025-05-21 11:50:23', '2025-05-21 11:50:23'),
(904, 9, 97, 'reply', '2025-05-21 11:50:51', '2025-05-21 11:50:51'),
(908, 9, 183, 'comment', '2025-05-21 11:53:19', '2025-05-21 11:53:19'),
(912, 9, 175, 'comment', '2025-05-21 11:57:33', '2025-05-21 11:57:33'),
(913, 9, 109, 'reply', '2025-05-21 12:02:24', '2025-05-21 12:02:24'),
(914, 9, 108, 'reply', '2025-05-21 12:02:25', '2025-05-21 12:02:25'),
(915, 9, 115, 'reply', '2025-05-21 12:05:36', '2025-05-21 12:05:36'),
(916, 9, 114, 'reply', '2025-05-21 12:05:37', '2025-05-21 12:05:37'),
(917, 9, 187, 'comment', '2025-05-21 12:08:43', '2025-05-21 12:08:43'),
(918, 9, 186, 'comment', '2025-05-21 12:08:44', '2025-05-21 12:08:44'),
(919, 9, 185, 'comment', '2025-05-21 12:08:45', '2025-05-21 12:08:45'),
(920, 9, 116, 'reply', '2025-05-21 12:09:00', '2025-05-21 12:09:00'),
(922, 9, 104, 'reply', '2025-05-21 13:07:39', '2025-05-21 13:07:39'),
(924, 9, 130, 'reply', '2025-05-21 13:27:10', '2025-05-21 13:27:10'),
(945, 9, 181, 'comment', '2025-05-21 13:34:44', '2025-05-21 13:34:44'),
(953, 9, 182, 'comment', '2025-05-21 13:36:41', '2025-05-21 13:36:41'),
(954, 15, 168, 'comment', '2025-05-21 13:39:22', '2025-05-21 13:39:22'),
(955, 15, 291, 'post', '2025-05-21 13:39:57', '2025-05-21 13:39:57'),
(973, 15, 180, 'comment', '2025-05-21 13:41:57', '2025-05-21 13:41:57'),
(974, 15, 179, 'comment', '2025-05-21 13:42:48', '2025-05-21 13:42:48'),
(981, 15, 182, 'comment', '2025-05-21 13:44:23', '2025-05-21 13:44:23'),
(983, 9, 291, 'post', '2025-05-21 13:45:12', '2025-05-21 13:45:12'),
(986, 9, 140, 'reply', '2025-05-21 13:45:31', '2025-05-21 13:45:31'),
(987, 9, 139, 'reply', '2025-05-21 13:45:32', '2025-05-21 13:45:32'),
(988, 9, 113, 'reply', '2025-05-21 13:45:35', '2025-05-21 13:45:35'),
(992, 9, 136, 'reply', '2025-05-21 13:47:16', '2025-05-21 13:47:16'),
(995, 9, 143, 'reply', '2025-05-21 13:47:32', '2025-05-21 13:47:32'),
(996, 15, 143, 'reply', '2025-05-21 13:47:35', '2025-05-21 13:47:35'),
(997, 15, 136, 'reply', '2025-05-21 13:47:36', '2025-05-21 13:47:36'),
(998, 15, 133, 'reply', '2025-05-21 13:47:38', '2025-05-21 13:47:38'),
(999, 15, 277, 'post', '2025-05-21 13:48:25', '2025-05-21 13:48:25'),
(1000, 15, 189, 'comment', '2025-05-21 13:54:43', '2025-05-21 13:54:43'),
(1002, 15, 190, 'comment', '2025-05-21 13:55:37', '2025-05-21 13:55:37'),
(1003, 15, 147, 'reply', '2025-05-21 13:55:38', '2025-05-21 13:55:38'),
(1004, 15, 151, 'reply', '2025-05-21 13:56:53', '2025-05-21 13:56:53'),
(1005, 15, 150, 'reply', '2025-05-21 13:56:54', '2025-05-21 13:56:54'),
(1006, 15, 191, 'comment', '2025-05-21 13:57:23', '2025-05-21 13:57:23'),
(1007, 15, 202, 'post', '2025-05-21 13:58:40', '2025-05-21 13:58:40'),
(1020, 15, 171, 'post', '2025-05-21 14:01:25', '2025-05-21 14:01:25'),
(1021, 9, 193, 'comment', '2025-05-21 14:01:43', '2025-05-21 14:01:43'),
(1022, 9, 158, 'reply', '2025-05-21 14:09:16', '2025-05-21 14:09:16'),
(1023, 9, 199, 'comment', '2025-05-21 14:14:26', '2025-05-21 14:14:26'),
(1024, 9, 198, 'comment', '2025-05-21 14:14:27', '2025-05-21 14:14:27'),
(1025, 9, 197, 'comment', '2025-05-21 14:14:29', '2025-05-21 14:14:29'),
(1026, 16, 291, 'post', '2025-05-21 14:19:55', '2025-05-21 14:19:55'),
(1037, 16, 194, 'comment', '2025-05-21 14:21:03', '2025-05-21 14:21:03'),
(1038, 16, 187, 'comment', '2025-05-21 14:21:04', '2025-05-21 14:21:04'),
(1039, 9, 169, 'reply', '2025-05-21 14:21:48', '2025-05-21 14:21:48'),
(1040, 9, 204, 'comment', '2025-05-21 14:22:25', '2025-05-21 14:22:25'),
(1041, 16, 205, 'comment', '2025-05-21 14:23:02', '2025-05-21 14:23:02'),
(1042, 16, 140, 'comment', '2025-05-21 14:23:02', '2025-05-21 14:23:02'),
(1043, 16, 174, 'reply', '2025-05-21 14:23:11', '2025-05-21 14:23:11'),
(1044, 16, 175, 'reply', '2025-05-21 14:23:17', '2025-05-21 14:23:17'),
(1045, 16, 176, 'reply', '2025-05-21 14:23:22', '2025-05-21 14:23:22'),
(1046, 16, 200, 'comment', '2025-05-21 14:24:01', '2025-05-21 14:24:01'),
(1047, 16, 199, 'comment', '2025-05-21 14:24:08', '2025-05-21 14:24:08'),
(1048, 16, 198, 'comment', '2025-05-21 14:24:08', '2025-05-21 14:24:08'),
(1049, 16, 177, 'reply', '2025-05-21 14:24:39', '2025-05-21 14:24:39'),
(1050, 16, 81, 'comment', '2025-05-21 14:26:53', '2025-05-21 14:26:53'),
(1051, 16, 166, 'reply', '2025-05-21 14:27:29', '2025-05-21 14:27:29'),
(1054, 16, 183, 'reply', '2025-05-21 14:28:37', '2025-05-21 14:28:37'),
(1055, 16, 184, 'comment', '2025-05-21 14:29:01', '2025-05-21 14:29:01'),
(1057, 9, 188, 'reply', '2025-05-21 14:30:34', '2025-05-21 14:30:34'),
(1058, 9, 191, 'reply', '2025-05-21 14:32:46', '2025-05-21 14:32:46'),
(1059, 9, 192, 'reply', '2025-05-21 14:33:00', '2025-05-21 14:33:00'),
(1068, 9, 193, 'reply', '2025-05-21 14:33:40', '2025-05-21 14:33:40'),
(1069, 9, 190, 'reply', '2025-05-21 14:33:59', '2025-05-21 14:33:59'),
(1070, 9, 189, 'reply', '2025-05-21 14:34:00', '2025-05-21 14:34:00'),
(1071, 9, 202, 'reply', '2025-05-21 14:38:09', '2025-05-21 14:38:09'),
(1072, 9, 210, 'comment', '2025-05-21 14:38:09', '2025-05-21 14:38:09'),
(1073, 21, 257, 'post', '2025-05-21 14:38:41', '2025-05-21 14:38:41'),
(1074, 21, 72, 'comment', '2025-05-21 14:38:53', '2025-05-21 14:38:53'),
(1077, 21, 289, 'post', '2025-05-21 14:39:19', '2025-05-21 14:39:19'),
(1078, 9, 289, 'post', '2025-05-21 14:39:29', '2025-05-21 14:39:29'),
(1085, 21, 294, 'post', '2025-05-21 14:41:36', '2025-05-21 14:41:36'),
(1087, 9, 294, 'post', '2025-05-21 14:42:32', '2025-05-21 14:42:32'),
(1088, 21, 295, 'post', '2025-05-21 14:44:11', '2025-05-21 14:44:11'),
(1090, 9, 293, 'post', '2025-05-21 14:45:33', '2025-05-21 14:45:33'),
(1091, 21, 213, 'comment', '2025-05-21 14:45:50', '2025-05-21 14:45:50'),
(1092, 21, 214, 'comment', '2025-05-21 14:45:52', '2025-05-21 14:45:52'),
(1093, 21, 203, 'reply', '2025-05-21 14:45:59', '2025-05-21 14:45:59'),
(1094, 21, 84, 'comment', '2025-05-21 14:46:26', '2025-05-21 14:46:26'),
(1095, 21, 110, 'reply', '2025-05-21 14:46:28', '2025-05-21 14:46:28'),
(1096, 21, 109, 'reply', '2025-05-21 14:46:29', '2025-05-21 14:46:29'),
(1097, 21, 108, 'reply', '2025-05-21 14:46:29', '2025-05-21 14:46:29'),
(1098, 9, 212, 'comment', '2025-05-21 14:51:55', '2025-05-21 14:51:55'),
(1100, 9, 205, 'reply', '2025-05-21 14:52:07', '2025-05-21 14:52:07'),
(1103, 21, 216, 'comment', '2025-05-21 14:58:35', '2025-05-21 14:58:35'),
(1104, 21, 215, 'comment', '2025-05-21 14:58:49', '2025-05-21 14:58:49'),
(1105, 21, 209, 'reply', '2025-05-21 14:58:54', '2025-05-21 14:58:54'),
(1106, 21, 208, 'reply', '2025-05-21 14:58:55', '2025-05-21 14:58:55'),
(1108, 9, 215, 'comment', '2025-05-21 15:14:50', '2025-05-21 15:14:50'),
(1112, 9, 209, 'comment', '2025-05-21 15:15:06', '2025-05-21 15:15:06'),
(1115, 21, 259, 'post', '2025-05-21 15:45:48', '2025-05-21 15:45:48'),
(1116, 21, 296, 'post', '2025-05-21 15:46:07', '2025-05-21 15:46:07'),
(1117, 21, 297, 'post', '2025-05-21 15:46:54', '2025-05-21 15:46:54'),
(1133, 9, 212, 'reply', '2025-05-21 16:30:34', '2025-05-21 16:30:34'),
(1138, 9, 216, 'comment', '2025-05-21 16:33:43', '2025-05-21 16:33:43'),
(1139, 15, 295, 'post', '2025-05-21 16:36:28', '2025-05-21 16:36:28'),
(1142, 15, 294, 'post', '2025-05-21 16:37:21', '2025-05-21 16:37:21'),
(1146, 9, 218, 'comment', '2025-05-21 16:52:05', '2025-05-21 16:52:05'),
(1151, 15, 224, 'comment', '2025-05-21 16:52:47', '2025-05-21 16:52:47'),
(1152, 15, 293, 'post', '2025-05-21 16:53:19', '2025-05-21 16:53:19'),
(1153, 9, 255, 'post', '2025-05-21 16:55:17', '2025-05-21 16:55:17'),
(1157, 9, 226, 'comment', '2025-05-21 17:00:02', '2025-05-21 17:00:02'),
(1158, 9, 225, 'comment', '2025-05-21 17:00:09', '2025-05-21 17:00:09'),
(1159, 9, 239, 'reply', '2025-05-21 17:00:17', '2025-05-21 17:00:17'),
(1160, 9, 238, 'reply', '2025-05-21 17:00:18', '2025-05-21 17:00:18'),
(1162, 9, 216, 'reply', '2025-05-21 17:02:56', '2025-05-21 17:02:56'),
(1163, 9, 184, 'comment', '2025-05-21 17:03:15', '2025-05-21 17:03:15'),
(1166, 9, 187, 'reply', '2025-05-21 17:06:14', '2025-05-21 17:06:14'),
(1172, 9, 184, 'reply', '2025-05-21 17:07:06', '2025-05-21 17:07:06'),
(1179, 9, 242, 'reply', '2025-05-21 17:11:52', '2025-05-21 17:11:52'),
(1180, 9, 241, 'reply', '2025-05-21 17:11:52', '2025-05-21 17:11:52'),
(1187, 9, 213, 'comment', '2025-05-21 17:13:00', '2025-05-21 17:13:00'),
(1188, 9, 217, 'comment', '2025-05-21 17:13:33', '2025-05-21 17:13:33'),
(1192, 15, 292, 'post', '2025-05-21 17:15:25', '2025-05-21 17:15:25'),
(1193, 15, 203, 'post', '2025-05-21 17:16:21', '2025-05-21 17:16:21'),
(1194, 9, 290, 'post', '2025-05-21 17:17:33', '2025-05-21 17:17:33'),
(1195, 9, 231, 'post', '2025-05-21 17:17:49', '2025-05-21 17:17:49'),
(1197, 15, 225, 'post', '2025-05-21 17:18:28', '2025-05-21 17:18:28'),
(1198, 15, 210, 'post', '2025-05-21 17:18:30', '2025-05-21 17:18:30'),
(1200, 9, 245, 'reply', '2025-05-21 17:21:41', '2025-05-21 17:21:41'),
(1202, 9, 246, 'reply', '2025-05-21 17:21:49', '2025-05-21 17:21:49'),
(1204, 9, 217, 'reply', '2025-05-21 17:26:15', '2025-05-21 17:26:15'),
(1205, 9, 204, 'reply', '2025-05-21 17:26:40', '2025-05-21 17:26:40'),
(1207, 9, 214, 'comment', '2025-05-21 17:28:10', '2025-05-21 17:28:10'),
(1208, 9, 219, 'reply', '2025-05-21 17:28:12', '2025-05-21 17:28:12'),
(1212, 9, 296, 'post', '2025-05-21 17:38:26', '2025-05-21 17:38:26'),
(1213, 9, 224, 'comment', '2025-05-21 17:43:51', '2025-05-21 17:43:51'),
(1215, 15, 229, 'reply', '2025-05-21 17:45:13', '2025-05-21 17:45:13'),
(1218, 15, 296, 'post', '2025-05-21 17:47:04', '2025-05-21 17:47:04'),
(1219, 15, 207, 'comment', '2025-05-21 17:52:09', '2025-05-21 17:52:09'),
(1220, 15, 169, 'reply', '2025-05-21 17:52:13', '2025-05-21 17:52:13'),
(1221, 9, 249, 'reply', '2025-05-21 17:54:28', '2025-05-21 17:54:28'),
(1222, 9, 248, 'reply', '2025-05-21 17:54:29', '2025-05-21 17:54:29'),
(1227, 9, 203, 'comment', '2025-05-21 17:54:47', '2025-05-21 17:54:47'),
(1229, 9, 203, 'reply', '2025-05-21 17:54:56', '2025-05-21 17:54:56'),
(1230, 9, 225, 'reply', '2025-05-21 17:56:17', '2025-05-21 17:56:17'),
(1232, 9, 200, 'comment', '2025-05-21 17:58:48', '2025-05-21 17:58:48'),
(1234, 9, 229, 'comment', '2025-05-21 17:59:05', '2025-05-21 17:59:05'),
(1237, 9, 233, 'comment', '2025-05-21 18:00:27', '2025-05-21 18:00:27'),
(1238, 9, 254, 'reply', '2025-05-21 18:01:26', '2025-05-21 18:01:26'),
(1239, 9, 233, 'reply', '2025-05-21 18:01:31', '2025-05-21 18:01:31'),
(1240, 9, 87, 'comment', '2025-05-21 18:06:50', '2025-05-21 18:06:50'),
(1241, 9, 255, 'reply', '2025-05-21 18:06:51', '2025-05-21 18:06:51'),
(1242, 9, 256, 'reply', '2025-05-21 18:06:55', '2025-05-21 18:06:55'),
(1243, 9, 234, 'comment', '2025-05-21 18:16:21', '2025-05-21 18:16:21'),
(1247, 9, 235, 'comment', '2025-05-21 18:16:40', '2025-05-21 18:16:40'),
(1249, 9, 236, 'comment', '2025-05-21 18:17:41', '2025-05-21 18:17:41'),
(1250, 9, 258, 'reply', '2025-05-21 18:17:45', '2025-05-21 18:17:45'),
(1251, 9, 259, 'reply', '2025-05-21 18:17:48', '2025-05-21 18:17:48'),
(1254, 15, 168, 'reply', '2025-05-21 18:18:19', '2025-05-21 18:18:19'),
(1255, 15, 167, 'reply', '2025-05-21 18:18:20', '2025-05-21 18:18:20'),
(1256, 9, 257, 'post', '2025-05-21 18:24:25', '2025-05-21 18:24:25'),
(1257, 9, 262, 'reply', '2025-05-21 18:24:51', '2025-05-21 18:24:51'),
(1258, 9, 261, 'reply', '2025-05-21 18:24:51', '2025-05-21 18:24:51'),
(1259, 9, 236, 'reply', '2025-05-21 18:27:04', '2025-05-21 18:27:04'),
(1260, 9, 253, 'reply', '2025-05-21 18:27:21', '2025-05-21 18:27:21'),
(1261, 14, 298, 'post', '2025-05-21 18:27:45', '2025-05-21 18:27:45'),
(1262, 14, 296, 'post', '2025-05-21 18:27:46', '2025-05-21 18:27:46'),
(1263, 14, 236, 'comment', '2025-05-21 18:28:38', '2025-05-21 18:28:38'),
(1267, 14, 290, 'post', '2025-05-21 18:29:28', '2025-05-21 18:29:28'),
(1268, 14, 238, 'comment', '2025-05-21 18:29:58', '2025-05-21 18:29:58'),
(1269, 14, 161, 'comment', '2025-05-21 18:30:31', '2025-05-21 18:30:31'),
(1270, 14, 264, 'reply', '2025-05-21 18:30:38', '2025-05-21 18:30:38'),
(1271, 14, 263, 'reply', '2025-05-21 18:30:39', '2025-05-21 18:30:39'),
(1272, 14, 161, 'reply', '2025-05-21 18:30:42', '2025-05-21 18:30:42'),
(1273, 15, 238, 'reply', '2025-05-21 18:32:07', '2025-05-21 18:32:07'),
(1274, 15, 239, 'reply', '2025-05-21 18:32:07', '2025-05-21 18:32:07'),
(1275, 14, 295, 'post', '2025-05-21 18:37:38', '2025-05-21 18:37:38'),
(1276, 14, 242, 'comment', '2025-05-21 18:39:26', '2025-05-21 18:39:26'),
(1277, 14, 268, 'reply', '2025-05-21 18:39:35', '2025-05-21 18:39:35'),
(1278, 14, 267, 'reply', '2025-05-21 18:39:36', '2025-05-21 18:39:36'),
(1283, 14, 254, 'reply', '2025-05-21 18:41:30', '2025-05-21 18:41:30'),
(1285, 14, 233, 'comment', '2025-05-21 18:41:41', '2025-05-21 18:41:41'),
(1291, 15, 235, 'post', '2025-05-21 18:44:09', '2025-05-21 18:44:09'),
(1292, 14, 242, 'reply', '2025-05-21 18:49:54', '2025-05-21 18:49:54'),
(1293, 14, 103, 'reply', '2025-05-21 18:52:41', '2025-05-21 18:52:41'),
(1310, 15, 232, 'post', '2025-05-21 19:05:48', '2025-05-21 19:05:48'),
(1315, 14, 235, 'comment', '2025-05-21 19:19:07', '2025-05-21 19:19:07'),
(1316, 14, 271, 'reply', '2025-05-21 19:19:16', '2025-05-21 19:19:16'),
(1317, 14, 270, 'reply', '2025-05-21 19:19:17', '2025-05-21 19:19:17'),
(1318, 14, 233, 'reply', '2025-05-21 19:23:07', '2025-05-21 19:23:07'),
(1319, 14, 259, 'post', '2025-05-21 19:23:15', '2025-05-21 19:23:15'),
(1320, 14, 243, 'comment', '2025-05-21 19:23:31', '2025-05-21 19:23:31'),
(1322, 14, 85, 'comment', '2025-05-21 19:24:02', '2025-05-21 19:24:02'),
(1326, 16, 240, 'comment', '2025-05-21 19:28:01', '2025-05-21 19:28:01'),
(1331, 9, 298, 'post', '2025-05-21 21:37:44', '2025-05-21 21:37:44'),
(1333, 9, 273, 'reply', '2025-05-21 21:53:56', '2025-05-21 21:53:56'),
(1334, 9, 284, 'reply', '2025-05-21 22:22:15', '2025-05-21 22:22:15'),
(1335, 9, 274, 'post', '2025-05-21 22:32:30', '2025-05-21 22:32:30'),
(1336, 9, 295, 'post', '2025-05-21 22:37:11', '2025-05-21 22:37:11'),
(1337, 9, 244, 'comment', '2025-05-21 22:44:58', '2025-05-21 22:44:58'),
(1339, 15, 320, 'reply', '2025-05-22 12:17:36', '2025-05-22 12:17:36'),
(1340, 15, 321, 'reply', '2025-05-22 12:17:37', '2025-05-22 12:17:37'),
(1348, 15, 325, 'reply', '2025-05-22 12:19:36', '2025-05-22 12:19:36'),
(1350, 15, 326, 'reply', '2025-05-22 12:19:57', '2025-05-22 12:19:57'),
(1352, 15, 327, 'reply', '2025-05-22 12:20:20', '2025-05-22 12:20:20'),
(1427, 15, 261, 'comment', '2025-05-22 13:40:03', '2025-05-22 13:40:03'),
(1438, 15, 331, 'reply', '2025-05-22 13:41:18', '2025-05-22 13:41:18'),
(1444, 15, 290, 'post', '2025-05-22 13:41:54', '2025-05-22 13:41:54'),
(1454, 15, 332, 'reply', '2025-05-22 13:42:38', '2025-05-22 13:42:38'),
(1512, 15, 328, 'reply', '2025-05-22 13:53:35', '2025-05-22 13:53:35'),
(1521, 15, 334, 'reply', '2025-05-22 13:55:32', '2025-05-22 13:55:32'),
(1539, 15, 298, 'post', '2025-05-22 14:06:34', '2025-05-22 14:06:34'),
(1541, 15, 249, 'comment', '2025-05-22 14:06:38', '2025-05-22 14:06:38'),
(1544, 15, 335, 'reply', '2025-05-22 14:08:33', '2025-05-22 14:08:33'),
(1545, 15, 216, 'comment', '2025-05-22 14:08:39', '2025-05-22 14:08:39'),
(1546, 15, 227, 'reply', '2025-05-22 14:08:41', '2025-05-22 14:08:41'),
(1554, 15, 226, 'reply', '2025-05-22 14:10:08', '2025-05-22 14:10:08'),
(1557, 15, 262, 'comment', '2025-05-22 14:11:20', '2025-05-22 14:11:20'),
(1558, 15, 264, 'comment', '2025-05-22 14:11:25', '2025-05-22 14:11:25'),
(1559, 15, 263, 'comment', '2025-05-22 14:11:26', '2025-05-22 14:11:26'),
(1561, 15, 338, 'reply', '2025-05-22 14:11:35', '2025-05-22 14:11:35'),
(1564, 15, 339, 'reply', '2025-05-22 14:11:49', '2025-05-22 14:11:49'),
(1569, 15, 344, 'reply', '2025-05-22 14:13:02', '2025-05-22 14:13:02'),
(1571, 15, 342, 'reply', '2025-05-22 14:13:06', '2025-05-22 14:13:06'),
(1572, 15, 343, 'reply', '2025-05-22 14:13:27', '2025-05-22 14:13:27'),
(1573, 15, 345, 'reply', '2025-05-22 14:13:38', '2025-05-22 14:13:38'),
(1574, 15, 348, 'reply', '2025-05-22 14:14:04', '2025-05-22 14:14:04'),
(1575, 15, 350, 'reply', '2025-05-22 14:17:35', '2025-05-22 14:17:35'),
(1576, 15, 351, 'reply', '2025-05-22 14:17:36', '2025-05-22 14:17:36'),
(1577, 15, 352, 'reply', '2025-05-22 14:17:44', '2025-05-22 14:17:44'),
(1578, 15, 355, 'reply', '2025-05-22 14:18:27', '2025-05-22 14:18:27'),
(1579, 15, 357, 'reply', '2025-05-22 14:18:38', '2025-05-22 14:18:38'),
(1580, 15, 265, 'comment', '2025-05-22 14:22:56', '2025-05-22 14:22:56'),
(1581, 15, 259, 'comment', '2025-05-22 14:22:56', '2025-05-22 14:22:56'),
(1582, 15, 361, 'reply', '2025-05-22 14:23:02', '2025-05-22 14:23:02'),
(1583, 15, 360, 'reply', '2025-05-22 14:23:03', '2025-05-22 14:23:03'),
(1584, 15, 362, 'reply', '2025-05-22 14:23:12', '2025-05-22 14:23:12'),
(1585, 15, 299, 'post', '2025-05-22 14:41:33', '2025-05-22 14:41:33'),
(1586, 15, 268, 'comment', '2025-05-22 14:41:44', '2025-05-22 14:41:44'),
(1587, 15, 267, 'comment', '2025-05-22 14:41:45', '2025-05-22 14:41:45'),
(1588, 15, 266, 'comment', '2025-05-22 14:41:46', '2025-05-22 14:41:46'),
(1589, 15, 269, 'comment', '2025-05-22 14:41:56', '2025-05-22 14:41:56'),
(1590, 15, 367, 'reply', '2025-05-22 14:41:58', '2025-05-22 14:41:58'),
(1591, 15, 366, 'reply', '2025-05-22 14:41:59', '2025-05-22 14:41:59'),
(1592, 15, 369, 'reply', '2025-05-22 14:42:05', '2025-05-22 14:42:05'),
(1593, 15, 368, 'reply', '2025-05-22 14:42:06', '2025-05-22 14:42:06'),
(1594, 15, 370, 'reply', '2025-05-22 14:42:10', '2025-05-22 14:42:10'),
(1595, 17, 277, 'post', '2025-05-22 14:55:40', '2025-05-22 14:55:40'),
(1596, 17, 70, 'comment', '2025-05-22 14:56:45', '2025-05-22 14:56:45'),
(1597, 17, 270, 'comment', '2025-05-22 14:56:54', '2025-05-22 14:56:54'),
(1598, 17, 271, 'comment', '2025-05-22 14:56:58', '2025-05-22 14:56:58'),
(1599, 17, 372, 'reply', '2025-05-22 14:57:07', '2025-05-22 14:57:07'),
(1600, 17, 371, 'reply', '2025-05-22 14:57:08', '2025-05-22 14:57:08'),
(1601, 17, 374, 'reply', '2025-05-22 14:57:13', '2025-05-22 14:57:13'),
(1602, 17, 373, 'reply', '2025-05-22 14:57:14', '2025-05-22 14:57:14'),
(1603, 17, 377, 'reply', '2025-05-22 14:57:31', '2025-05-22 14:57:31'),
(1605, 17, 335, 'reply', '2025-05-22 14:58:44', '2025-05-22 14:58:44'),
(1606, 17, 334, 'reply', '2025-05-22 14:58:46', '2025-05-22 14:58:46'),
(1607, 17, 328, 'reply', '2025-05-22 14:58:47', '2025-05-22 14:58:47'),
(1608, 17, 333, 'reply', '2025-05-22 14:58:49', '2025-05-22 14:58:49'),
(1609, 17, 378, 'reply', '2025-05-22 14:58:55', '2025-05-22 14:58:55'),
(1610, 17, 381, 'reply', '2025-05-22 14:59:04', '2025-05-22 14:59:04'),
(1613, 17, 294, 'post', '2025-05-22 15:03:37', '2025-05-22 15:03:37'),
(1614, 17, 242, 'comment', '2025-05-22 15:03:40', '2025-05-22 15:03:40'),
(1615, 17, 241, 'comment', '2025-05-22 15:03:41', '2025-05-22 15:03:41'),
(1616, 17, 303, 'reply', '2025-05-22 15:03:49', '2025-05-22 15:03:49'),
(1617, 17, 304, 'reply', '2025-05-22 15:03:50', '2025-05-22 15:03:50'),
(1618, 17, 382, 'reply', '2025-05-22 15:03:51', '2025-05-22 15:03:51'),
(1621, 17, 383, 'reply', '2025-05-22 15:04:03', '2025-05-22 15:04:03'),
(1622, 14, 277, 'post', '2025-05-22 15:52:50', '2025-05-22 15:52:50'),
(1623, 17, 235, 'post', '2025-05-22 15:53:08', '2025-05-22 15:53:08'),
(1624, 14, 299, 'post', '2025-05-22 15:54:03', '2025-05-22 15:54:03'),
(1625, 14, 71, 'comment', '2025-05-22 15:54:15', '2025-05-22 15:54:15'),
(1626, 14, 369, 'reply', '2025-05-22 15:54:33', '2025-05-22 15:54:33'),
(1627, 14, 370, 'reply', '2025-05-22 15:54:35', '2025-05-22 15:54:35'),
(1629, 17, 269, 'comment', '2025-05-22 16:25:16', '2025-05-22 16:25:16'),
(1631, 17, 268, 'comment', '2025-05-22 16:30:42', '2025-05-22 16:30:42'),
(1635, 17, 295, 'post', '2025-05-22 16:35:01', '2025-05-22 16:35:01'),
(1637, 17, 299, 'post', '2025-05-22 16:35:11', '2025-05-22 16:35:11'),
(1638, 17, 298, 'post', '2025-05-22 16:35:12', '2025-05-22 16:35:12'),
(1639, 17, 289, 'post', '2025-05-22 16:36:03', '2025-05-22 16:36:03'),
(1640, 17, 186, 'comment', '2025-05-22 16:36:13', '2025-05-22 16:36:13'),
(1642, 17, 197, 'reply', '2025-05-22 16:36:18', '2025-05-22 16:36:18'),
(1644, 17, 198, 'reply', '2025-05-22 16:36:24', '2025-05-22 16:36:24'),
(1645, 17, 196, 'reply', '2025-05-22 16:36:28', '2025-05-22 16:36:28'),
(1646, 17, 193, 'reply', '2025-05-22 16:36:31', '2025-05-22 16:36:31'),
(1652, 17, 385, 'reply', '2025-05-22 16:37:25', '2025-05-22 16:37:25'),
(1654, 17, 370, 'reply', '2025-05-22 16:39:04', '2025-05-22 16:39:04'),
(1655, 17, 369, 'reply', '2025-05-22 16:39:21', '2025-05-22 16:39:21'),
(1656, 14, 294, 'post', '2025-05-22 16:48:26', '2025-05-22 16:48:26'),
(1657, 17, 293, 'post', '2025-05-22 17:18:13', '2025-05-22 17:18:13'),
(1658, 17, 273, 'comment', '2025-05-22 17:30:39', '2025-05-22 17:30:39'),
(1659, 17, 272, 'comment', '2025-05-22 17:30:40', '2025-05-22 17:30:40'),
(1660, 17, 216, 'comment', '2025-05-22 17:30:41', '2025-05-22 17:30:41'),
(1661, 17, 215, 'comment', '2025-05-22 17:30:41', '2025-05-22 17:30:41'),
(1662, 17, 212, 'comment', '2025-05-22 17:30:44', '2025-05-22 17:30:44'),
(1664, 17, 249, 'comment', '2025-05-22 17:31:58', '2025-05-22 17:31:58'),
(1665, 17, 248, 'comment', '2025-05-22 17:32:04', '2025-05-22 17:32:04'),
(1666, 17, 380, 'reply', '2025-05-22 17:32:06', '2025-05-22 17:32:06'),
(1668, 17, 379, 'reply', '2025-05-22 17:32:25', '2025-05-22 17:32:25'),
(1671, 17, 278, 'post', '2025-05-22 17:33:33', '2025-05-22 17:33:33'),
(1672, 17, 387, 'reply', '2025-05-22 17:34:03', '2025-05-22 17:34:03'),
(1673, 14, 244, 'post', '2025-05-22 17:35:29', '2025-05-22 17:35:29'),
(1674, 19, 384, 'reply', '2025-05-22 17:41:04', '2025-05-22 17:41:04'),
(1675, 19, 387, 'reply', '2025-05-22 17:41:33', '2025-05-22 17:41:33'),
(1676, 19, 299, 'post', '2025-05-22 17:41:42', '2025-05-22 17:41:42'),
(1677, 19, 298, 'post', '2025-05-22 17:41:43', '2025-05-22 17:41:43'),
(1678, 19, 295, 'post', '2025-05-22 17:41:45', '2025-05-22 17:41:45'),
(1679, 19, 294, 'post', '2025-05-22 17:41:46', '2025-05-22 17:41:46'),
(1680, 19, 293, 'post', '2025-05-22 17:41:47', '2025-05-22 17:41:47'),
(1681, 19, 292, 'post', '2025-05-22 17:41:48', '2025-05-22 17:41:48'),
(1684, 19, 301, 'post', '2025-05-22 17:44:29', '2025-05-22 17:44:29'),
(1686, 17, 302, 'post', '2025-05-22 18:04:06', '2025-05-22 18:04:06'),
(1691, 19, 302, 'post', '2025-05-22 18:10:50', '2025-05-22 18:10:50'),
(1692, 19, 277, 'post', '2025-05-22 18:10:57', '2025-05-22 18:10:57'),
(1694, 19, 244, 'post', '2025-05-22 18:11:53', '2025-05-22 18:11:53'),
(1695, 19, 235, 'post', '2025-05-22 18:32:40', '2025-05-22 18:32:40'),
(1696, 19, 242, 'post', '2025-05-22 18:32:49', '2025-05-22 18:32:49'),
(1697, 19, 259, 'post', '2025-05-22 18:33:03', '2025-05-22 18:33:03'),
(1698, 21, 370, 'reply', '2025-05-22 18:45:36', '2025-05-22 18:45:36'),
(1699, 21, 315, 'reply', '2025-05-22 18:47:44', '2025-05-22 18:47:44'),
(1700, 21, 317, 'reply', '2025-05-22 18:48:18', '2025-05-22 18:48:18'),
(1701, 21, 369, 'reply', '2025-05-22 18:53:41', '2025-05-22 18:53:41');

-- --------------------------------------------------------

--
-- Table structure for table `twitter_notifications`
--

CREATE TABLE `twitter_notifications` (
  `id` int(11) NOT NULL,
  `user_id` int(11) NOT NULL,
  `from_user_id` int(11) NOT NULL,
  `post_id` int(11) DEFAULT NULL,
  `type` enum('follow','like','comment') NOT NULL,
  `message` text DEFAULT NULL,
  `is_read` tinyint(1) DEFAULT 0,
  `comment_content` varchar(255) DEFAULT NULL,
  `created_at` datetime DEFAULT current_timestamp(),
  `updated_at` datetime DEFAULT current_timestamp() ON UPDATE current_timestamp()
) ENGINE=InnoDB DEFAULT CHARSET=utf8mb4 COLLATE=utf8mb4_general_ci;

--
-- Dumping data for table `twitter_notifications`
--

INSERT INTO `twitter_notifications` (`id`, `user_id`, `from_user_id`, `post_id`, `type`, `message`, `is_read`, `comment_content`, `created_at`, `updated_at`) VALUES
(32, 16, 9, NULL, 'comment', '@ravi commented on your post.', 1, 'dcdcsdc', '2025-05-15 15:08:15', '2025-05-21 10:01:56'),
(41, 9, 17, NULL, 'comment', '@jagdish commented on your post.', 1, 'Good afternoon...!', '2025-05-15 15:29:49', '2025-05-21 08:38:05'),
(63, 9, 17, NULL, 'follow', '@jagdish started to following you.', 1, NULL, '2025-05-15 19:21:35', '2025-05-21 08:38:05'),
(65, 15, 17, NULL, 'follow', '@jagdish started to following you.', 1, NULL, '2025-05-15 19:21:42', '2025-05-21 08:38:45'),
(68, 17, 9, NULL, 'comment', '@ravi commented on your post.', 1, 'Good evening', '2025-05-15 19:23:08', '2025-05-22 14:55:07'),
(70, 14, 9, NULL, 'comment', '@ravi commented on your post.', 1, 'Nice...', '2025-05-15 19:24:03', '2025-05-21 18:28:21'),
(71, 17, 15, NULL, 'comment', '@kamlesh commented on your post.', 1, 'Hii, good evening..!', '2025-05-15 19:24:37', '2025-05-22 14:55:07'),
(92, 19, 17, NULL, 'follow', '@jagdish started to following you.', 1, NULL, '2025-05-16 15:37:28', '2025-05-22 17:40:51'),
(93, 9, 17, NULL, 'comment', '@jagdish commented on your post.', 1, 'Hello', '2025-05-16 15:39:23', '2025-05-21 08:38:05'),
(94, 14, 14, NULL, 'comment', '@vishal commented on your post.', 1, 'Nice', '2025-05-16 16:16:30', '2025-05-21 18:28:21'),
(97, 9, 9, NULL, 'comment', '@ravi commented on your post.', 1, 'Nice  Car', '2025-05-16 16:26:05', '2025-05-21 08:38:05'),
(98, 9, 14, NULL, 'comment', '@vishal commented on your post.', 1, 'Nice', '2025-05-16 16:52:37', '2025-05-21 08:38:05'),
(99, 9, 14, NULL, 'comment', '@vishal commented on your post.', 1, 'Hiii', '2025-05-16 16:53:47', '2025-05-21 08:38:05'),
(101, 9, 9, NULL, 'comment', '@ravi commented on your post.', 1, 'Good Morning', '2025-05-16 16:56:08', '2025-05-21 08:38:05'),
(102, 9, 14, NULL, 'comment', '@vishal commented on your post.', 1, 'Hello Ravi', '2025-05-16 17:08:22', '2025-05-21 08:38:05'),
(104, 21, 9, NULL, 'comment', '@ravi commented on your post.', 1, 'Hello Suresh', '2025-05-16 17:20:06', '2025-05-21 14:38:29'),
(105, 21, 9, NULL, 'comment', '@ravi commented on your post.', 1, 'Hii', '2025-05-16 17:20:30', '2025-05-21 14:38:29'),
(106, 21, 21, NULL, 'comment', '@suresh commented on your post.', 1, 'Myself', '2025-05-16 17:22:32', '2025-05-21 14:38:29'),
(123, 16, 9, NULL, 'comment', '@ravi commented on your post.', 1, 'Wow', '2025-05-16 18:59:25', '2025-05-21 10:01:56'),
(124, 21, 9, NULL, 'comment', '@ravi commented on your post.', 1, 'Hi Suresh , how are you', '2025-05-16 21:30:53', '2025-05-21 14:38:29'),
(143, 16, 9, NULL, 'comment', '@ravi commented on your post.', 1, 'Are baap re', '2025-05-16 22:48:46', '2025-05-21 10:01:56'),
(146, 9, 16, NULL, 'like', '@vikram liked your post.', 1, NULL, '2025-05-16 22:50:31', '2025-05-21 08:38:05'),
(147, 14, 16, NULL, 'like', '@vikram liked your post.', 1, NULL, '2025-05-16 22:55:29', '2025-05-21 18:28:21'),
(148, 14, 16, NULL, 'like', '@vikram liked your post.', 1, NULL, '2025-05-16 22:55:32', '2025-05-21 18:28:21'),
(151, 9, 15, NULL, 'like', '@kamlesh liked your post.', 1, NULL, '2025-05-16 23:10:02', '2025-05-21 08:38:05'),
(159, 9, 15, 286, 'like', '@kamlesh liked your post.', 1, NULL, '2025-05-17 10:48:34', '2025-05-21 08:38:05'),
(160, 9, 15, 286, 'comment', '@kamlesh commented on your post.', 1, 'Congratulations', '2025-05-17 10:48:42', '2025-05-21 08:38:05'),
(161, 9, 14, 286, 'like', '@vishal liked your post.', 1, NULL, '2025-05-17 10:48:54', '2025-05-21 08:38:05'),
(163, 14, 9, 235, 'like', '@ravi liked your post.', 1, NULL, '2025-05-17 11:01:48', '2025-05-21 18:28:21'),
(164, 16, 9, 274, 'comment', '@ravi commented on your post.', 1, 'sdcsdcsdcsdc', '2025-05-17 14:50:56', '2025-05-21 10:01:56'),
(165, 16, 9, 274, 'comment', '@ravi commented on your post.', 1, 'asxasas', '2025-05-17 14:50:59', '2025-05-21 10:01:56'),
(167, 16, 9, 274, 'comment', '@ravi commented on your post.', 1, 'sdcsdcsdcd', '2025-05-17 14:51:30', '2025-05-21 10:01:56'),
(168, 16, 9, 274, 'comment', '@ravi commented on your post.', 1, 'sdcsdc', '2025-05-17 14:51:34', '2025-05-21 10:01:56'),
(169, 16, 9, 240, 'comment', '@ravi commented on your post.', 1, 'sdcsdcd', '2025-05-17 14:51:37', '2025-05-21 10:01:56'),
(170, 16, 9, 240, 'comment', '@ravi commented on your post.', 1, 'dddsdcsdcsd', '2025-05-17 14:51:40', '2025-05-21 10:01:56'),
(171, 16, 9, 274, 'comment', '@ravi commented on your post.', 1, 'scsdcsdc', '2025-05-17 14:53:42', '2025-05-21 10:01:56'),
(172, 16, 9, 274, 'comment', '@ravi commented on your post.', 1, 'sdcsdcdcsdcsd', '2025-05-17 14:53:47', '2025-05-21 10:01:56'),
(173, 16, 9, 274, 'comment', '@ravi commented on your post.', 1, 'dcsdcsdcsdc', '2025-05-17 14:53:50', '2025-05-21 10:01:56'),
(174, 16, 9, 274, 'comment', '@ravi commented on your post.', 1, 'sdcsdcsdcsdcsdcsdcsdcdd', '2025-05-17 14:53:54', '2025-05-21 10:01:56'),
(175, 16, 9, 274, 'comment', '@ravi commented on your post.', 1, 'cdcdc', '2025-05-17 15:00:48', '2025-05-21 10:01:56'),
(183, 15, 9, 216, 'like', '@ravi liked your post.', 1, NULL, '2025-05-17 15:56:33', '2025-05-21 08:38:45'),
(192, 19, 9, 252, 'like', '@ravi liked your post.', 1, NULL, '2025-05-17 16:01:45', '2025-05-22 17:40:51'),
(193, 17, 9, 277, 'comment', '@ravi commented on your post.', 1, 'hello jagdish', '2025-05-17 17:27:48', '2025-05-22 14:55:07'),
(195, 9, 17, 286, 'comment', '@jagdish commented on your post.', 1, 'ff', '2025-05-17 17:29:29', '2025-05-21 08:38:05'),
(196, 9, 17, 286, 'like', '@jagdish liked your post.', 1, NULL, '2025-05-17 17:29:56', '2025-05-21 08:38:05'),
(197, 9, 17, 286, 'comment', '@jagdish commented on your post.', 1, 'Congratulations', '2025-05-17 17:30:07', '2025-05-21 08:38:05'),
(198, 9, 17, 285, 'like', '@jagdish liked your post.', 1, NULL, '2025-05-17 17:34:09', '2025-05-21 08:38:05'),
(200, 16, 14, NULL, 'follow', '@vishal started to following you.', 1, NULL, '2025-05-19 09:49:05', '2025-05-21 10:01:56'),
(201, 9, 14, NULL, 'follow', '@vishal started to following you.', 1, NULL, '2025-05-19 09:51:48', '2025-05-21 08:38:05'),
(226, 17, 9, 277, 'comment', '@ravi commented on your post.', 1, 'dfvdfv', '2025-05-19 10:48:28', '2025-05-22 14:55:07'),
(349, 20, 9, 256, 'like', '@ravi liked your post.', 0, NULL, '2025-05-19 11:53:45', '2025-05-19 11:53:45'),
(350, 9, 15, 285, 'like', '@kamlesh liked your post.', 1, NULL, '2025-05-19 11:54:14', '2025-05-21 08:38:05'),
(351, 9, 15, 278, 'like', '@kamlesh liked your post.', 1, NULL, '2025-05-19 11:54:15', '2025-05-21 08:38:05'),
(352, 9, 15, 261, 'like', '@kamlesh liked your post.', 1, NULL, '2025-05-19 11:54:16', '2025-05-21 08:38:05'),
(353, 9, 15, 225, 'like', '@kamlesh liked your post.', 1, NULL, '2025-05-19 11:54:18', '2025-05-21 08:38:05'),
(355, 20, 15, 258, 'like', '@kamlesh liked your post.', 0, NULL, '2025-05-19 11:55:00', '2025-05-19 11:55:00'),
(356, 20, 15, 257, 'like', '@kamlesh liked your post.', 0, NULL, '2025-05-19 11:55:04', '2025-05-19 11:55:04'),
(357, 20, 15, 256, 'like', '@kamlesh liked your post.', 0, NULL, '2025-05-19 11:55:16', '2025-05-19 11:55:16'),
(358, 20, 15, 255, 'like', '@kamlesh liked your post.', 0, NULL, '2025-05-19 11:55:18', '2025-05-19 11:55:18'),
(359, 20, 15, 254, 'like', '@kamlesh liked your post.', 0, NULL, '2025-05-19 11:55:21', '2025-05-19 11:55:21'),
(360, 20, 15, 253, 'like', '@kamlesh liked your post.', 0, NULL, '2025-05-19 11:55:30', '2025-05-19 11:55:30'),
(361, 20, 15, 221, 'like', '@kamlesh liked your post.', 0, NULL, '2025-05-19 11:55:31', '2025-05-19 11:55:31'),
(362, 20, 15, 220, 'like', '@kamlesh liked your post.', 0, NULL, '2025-05-19 11:55:32', '2025-05-19 11:55:32'),
(363, 20, 15, 219, 'like', '@kamlesh liked your post.', 0, NULL, '2025-05-19 11:55:33', '2025-05-19 11:55:33'),
(364, 20, 9, 219, 'comment', '@ravi commented on your post.', 0, 'YJTY', '2025-05-19 11:55:46', '2025-05-19 11:55:46'),
(365, 20, 9, 219, 'comment', '@ravi commented on your post.', 0, 'DRTUDRTUDJH', '2025-05-19 11:55:52', '2025-05-19 11:55:52'),
(366, 20, 9, 258, 'comment', '@ravi commented on your post.', 0, 'DTFHDFTJHT', '2025-05-19 11:56:07', '2025-05-19 11:56:07'),
(367, 9, 15, 286, 'comment', '@kamlesh commented on your post.', 1, 'rfr', '2025-05-19 12:35:42', '2025-05-21 08:38:05'),
(377, 14, 9, 235, 'comment', '@ravi commented on your post.', 1, 'dddd', '2025-05-19 15:01:06', '2025-05-21 18:28:21'),
(381, 21, 9, 259, 'like', '@ravi liked your post.', 1, NULL, '2025-05-19 15:39:20', '2025-05-21 14:38:29'),
(401, 9, 14, 286, 'comment', '@vishal commented on your post.', 1, 'Nice', '2025-05-19 16:25:40', '2025-05-21 08:38:05'),
(405, 14, 9, 234, 'like', '@ravi liked your post.', 1, NULL, '2025-05-19 17:13:21', '2025-05-21 18:28:21'),
(428, 17, 9, 117, 'like', '@ravi liked your comment.', 1, NULL, '2025-05-19 17:45:44', '2025-05-22 14:55:07'),
(430, 9, 14, 138, 'like', '@vishal liked your comment.', 1, NULL, '2025-05-19 17:57:47', '2025-05-21 08:38:05'),
(431, 9, 14, 136, 'like', '@vishal liked your comment.', 1, NULL, '2025-05-19 17:57:48', '2025-05-21 08:38:05'),
(432, 9, 14, 135, 'like', '@vishal liked your comment.', 1, NULL, '2025-05-19 17:57:58', '2025-05-21 08:38:05'),
(433, 9, 14, 134, 'like', '@vishal liked your comment.', 1, NULL, '2025-05-19 17:57:59', '2025-05-21 08:38:05'),
(436, 9, 16, 286, 'like', '@vikram liked your post.', 1, NULL, '2025-05-19 17:58:20', '2025-05-21 08:38:05'),
(437, 9, 16, 138, 'like', '@vikram liked your comment.', 1, NULL, '2025-05-19 17:58:21', '2025-05-21 08:38:05'),
(438, 14, 16, 137, 'like', '@vikram liked your comment.', 1, NULL, '2025-05-19 17:58:22', '2025-05-21 18:28:21'),
(439, 9, 16, 136, 'like', '@vikram liked your comment.', 1, NULL, '2025-05-19 17:58:23', '2025-05-21 08:38:05'),
(440, 9, 16, 135, 'like', '@vikram liked your comment.', 1, NULL, '2025-05-19 17:58:24', '2025-05-21 08:38:05'),
(441, 9, 15, 138, 'like', '@kamlesh liked your comment.', 1, NULL, '2025-05-19 17:58:40', '2025-05-21 08:38:05'),
(442, 14, 15, 137, 'like', '@kamlesh liked your comment.', 1, NULL, '2025-05-19 17:58:41', '2025-05-21 18:28:21'),
(443, 9, 15, 136, 'like', '@kamlesh liked your comment.', 1, NULL, '2025-05-19 17:58:42', '2025-05-21 08:38:05'),
(444, 9, 15, 135, 'like', '@kamlesh liked your comment.', 1, NULL, '2025-05-19 17:58:42', '2025-05-21 08:38:05'),
(448, 14, 9, 137, 'like', '@ravi liked your comment.', 1, NULL, '2025-05-19 18:02:04', '2025-05-21 18:28:21'),
(450, 14, 9, 73, 'like', '@ravi liked your comment.', 1, NULL, '2025-05-19 18:23:01', '2025-05-21 18:28:21'),
(455, 9, 19, 286, 'like', '@kishanlal liked your post.', 1, NULL, '2025-05-19 19:19:50', '2025-05-21 08:38:05'),
(456, 9, 19, 286, 'comment', '@kishanlal commented on your post.', 1, 'Good job...!', '2025-05-19 19:20:01', '2025-05-21 08:38:05'),
(461, 9, 19, NULL, 'follow', '@kishanlal started to following you.', 1, NULL, '2025-05-19 19:20:39', '2025-05-21 08:38:05'),
(462, 9, 19, 286, 'comment', '@kishanlal commented on your post.', 1, 'Amazing...!', '2025-05-19 19:21:02', '2025-05-21 08:38:05'),
(463, 19, 9, 148, 'like', '@ravi liked your comment.', 1, NULL, '2025-05-19 19:21:22', '2025-05-22 17:40:51'),
(464, 19, 9, 147, 'like', '@ravi liked your comment.', 1, NULL, '2025-05-19 19:21:22', '2025-05-22 17:40:51'),
(465, 9, 19, 278, 'like', '@kishanlal liked your post.', 1, NULL, '2025-05-19 19:22:49', '2025-05-21 08:38:05'),
(474, 17, 9, NULL, 'follow', '@ravi started to following you.', 1, NULL, '2025-05-19 19:23:35', '2025-05-22 14:55:07'),
(475, 14, 9, NULL, 'follow', '@ravi started to following you.', 1, NULL, '2025-05-19 19:23:36', '2025-05-21 18:28:21'),
(477, 19, 9, NULL, 'follow', '@ravi started to following you.', 1, NULL, '2025-05-19 19:23:37', '2025-05-22 17:40:51'),
(478, 9, 19, 286, 'comment', '@kishanlal commented on your post.', 1, 'Amazing...!', '2025-05-19 19:25:42', '2025-05-21 08:38:05'),
(482, 19, 9, 151, 'like', '@ravi liked your comment.', 1, NULL, '2025-05-19 22:53:08', '2025-05-22 17:40:51'),
(483, 9, 15, 286, 'comment', '@kamlesh commented on your post.', 1, 'Nice', '2025-05-20 09:47:40', '2025-05-21 08:38:05'),
(484, 9, 15, 286, 'comment', '@kamlesh commented on your post.', 1, 'Amazing...!', '2025-05-20 09:47:47', '2025-05-21 08:38:05'),
(487, 9, 15, 278, 'comment', '@kamlesh commented on your post.', 1, 'sdcsdcdc', '2025-05-20 09:52:12', '2025-05-21 08:38:05'),
(488, 14, 15, 81, 'like', '@kamlesh liked your comment.', 1, NULL, '2025-05-20 09:52:18', '2025-05-21 18:28:21'),
(489, 15, 9, 158, 'like', '@ravi liked your comment.', 1, NULL, '2025-05-20 11:06:11', '2025-05-21 08:38:45'),
(490, 15, 9, 286, '', '@ravi replied to your comment.', 1, 'dc', '2025-05-20 11:28:31', '2025-05-21 08:38:45'),
(491, 15, 9, 286, '', '@ravi replied to your comment.', 1, 'sdc', '2025-05-20 11:29:22', '2025-05-21 08:38:45'),
(492, 15, 9, 286, '', '@ravi replied to your comment.', 1, 'sdcsdc', '2025-05-20 11:29:31', '2025-05-21 08:38:45'),
(493, 19, 9, 286, '', '@ravi replied to your comment.', 1, 'Thank you...', '2025-05-20 11:48:34', '2025-05-22 17:40:51'),
(494, 15, 9, 286, '', '@ravi replied to your comment.', 1, 'Thanks', '2025-05-20 11:48:44', '2025-05-21 08:38:45'),
(495, 15, 9, 286, '', '@ravi replied to your comment.', 1, 'dcsdc', '2025-05-20 13:42:56', '2025-05-21 08:38:45'),
(496, 15, 9, 286, '', '@ravi replied to your comment.', 1, 'sadss', '2025-05-20 13:43:00', '2025-05-21 08:38:45'),
(498, 21, 9, NULL, 'follow', '@ravi started to following you.', 1, NULL, '2025-05-20 13:51:44', '2025-05-21 14:38:29'),
(518, 15, 9, 286, '', '@ravi replied to your comment.', 1, 'dcdc', '2025-05-20 14:17:30', '2025-05-21 08:38:45'),
(519, 15, 9, 159, 'like', '@ravi liked your comment.', 1, NULL, '2025-05-20 14:17:31', '2025-05-21 08:38:45'),
(520, 15, 9, 286, '', '@ravi replied to your comment.', 1, 'Hello Kamlesh', '2025-05-20 14:17:54', '2025-05-21 08:38:45'),
(521, 14, 9, 81, 'like', '@ravi liked your comment.', 1, NULL, '2025-05-20 14:18:47', '2025-05-21 18:28:21'),
(522, 14, 9, 278, '', '@ravi replied to your comment.', 1, 'fvfv', '2025-05-20 14:18:51', '2025-05-21 18:28:21'),
(523, 15, 9, 277, '', '@ravi replied to your comment.', 1, 'Good afternoon', '2025-05-20 14:19:26', '2025-05-21 08:38:45'),
(524, 15, 9, 69, 'like', '@ravi liked your comment.', 1, NULL, '2025-05-20 14:19:29', '2025-05-21 08:38:45'),
(526, 9, 15, 41, 'like', '@kamlesh liked your reply.', 1, NULL, '2025-05-20 22:23:37', '2025-05-21 08:38:05'),
(528, 9, 15, 289, 'comment', '@kamlesh commented on your post.', 1, 'Good Morning', '2025-05-21 08:39:23', '2025-05-21 08:39:34'),
(529, 15, 9, 171, 'like', '@ravi liked your comment.', 1, NULL, '2025-05-21 08:39:55', '2025-05-21 08:39:59'),
(533, 9, 15, 289, 'like', '@kamlesh liked your post.', 1, NULL, '2025-05-21 08:50:52', '2025-05-21 08:51:00'),
(534, 9, 16, 44, 'like', '@vikram liked your reply.', 1, NULL, '2025-05-21 10:01:51', '2025-05-21 10:01:53'),
(535, 9, 16, 168, 'like', '@vikram liked your comment.', 1, NULL, '2025-05-21 10:02:27', '2025-05-21 10:02:29'),
(536, 9, 16, 167, 'like', '@vikram liked your comment.', 1, NULL, '2025-05-21 10:02:32', '2025-05-21 10:02:33'),
(537, 15, 16, 159, 'like', '@vikram liked your comment.', 1, NULL, '2025-05-21 10:02:37', '2025-05-21 13:39:54'),
(538, 15, 16, 158, 'like', '@vikram liked your comment.', 1, NULL, '2025-05-21 10:02:41', '2025-05-21 13:39:54'),
(539, 9, 16, 157, 'like', '@vikram liked your comment.', 1, NULL, '2025-05-21 10:02:47', '2025-05-21 10:02:49'),
(540, 9, 16, 156, 'like', '@vikram liked your comment.', 1, NULL, '2025-05-21 10:02:51', '2025-05-21 10:02:54'),
(541, 9, 16, 155, 'like', '@vikram liked your comment.', 1, NULL, '2025-05-21 10:06:53', '2025-05-21 10:06:55'),
(542, 9, 16, 144, 'like', '@vikram liked your comment.', 1, NULL, '2025-05-21 10:06:59', '2025-05-21 10:07:01'),
(543, 9, 16, 131, 'like', '@vikram liked your comment.', 1, NULL, '2025-05-21 10:07:06', '2025-05-21 10:07:08'),
(544, 9, 16, 134, 'like', '@vikram liked your comment.', 1, NULL, '2025-05-21 10:07:07', '2025-05-21 10:07:08'),
(545, 9, 16, 41, 'like', '@vikram liked your reply.', 1, NULL, '2025-05-21 10:07:17', '2025-05-21 10:07:24'),
(546, 9, 16, 40, 'like', '@vikram liked your reply.', 1, NULL, '2025-05-21 10:07:27', '2025-05-21 10:07:28'),
(547, 9, 16, 26, 'like', '@vikram liked your reply.', 1, NULL, '2025-05-21 10:11:31', '2025-05-21 10:12:20'),
(548, 9, 16, 239, '', '@vikram replied to your comment.', 1, 'cc ', '2025-05-21 10:12:07', '2025-05-21 10:12:20'),
(549, 9, 16, 47, 'like', '@vikram liked your comment.', 1, NULL, '2025-05-21 10:12:09', '2025-05-21 10:12:20'),
(551, 9, 16, 289, 'like', '@vikram liked your post.', 1, NULL, '2025-05-21 10:16:42', '2025-05-21 10:16:55'),
(552, 15, 9, 124, 'like', '@ravi liked your comment.', 1, NULL, '2025-05-21 10:19:37', '2025-05-21 13:39:54'),
(553, 20, 9, 258, 'like', '@ravi liked your post.', 0, NULL, '2025-05-21 11:19:07', '2025-05-21 11:19:07'),
(555, 20, 9, 254, 'comment', '@ravi commented on your post.', 0, 'sdc', '2025-05-21 11:19:15', '2025-05-21 11:19:15'),
(556, 20, 9, 254, 'like', '@ravi liked your post.', 0, NULL, '2025-05-21 11:19:16', '2025-05-21 11:19:16'),
(557, 20, 9, 254, 'comment', '@ravi commented on your post.', 0, 'sc', '2025-05-21 11:19:20', '2025-05-21 11:19:20'),
(558, 20, 9, 220, 'like', '@ravi liked your post.', 0, NULL, '2025-05-21 11:19:23', '2025-05-21 11:19:23'),
(559, 20, 9, 221, 'like', '@ravi liked your post.', 0, NULL, '2025-05-21 11:19:24', '2025-05-21 11:19:24'),
(560, 20, 9, 253, 'like', '@ravi liked your post.', 0, NULL, '2025-05-21 11:19:25', '2025-05-21 11:19:25'),
(566, 15, 9, 290, 'comment', '@ravi commented on your post.', 1, 'dscdc', '2025-05-21 11:48:20', '2025-05-21 13:39:54'),
(568, 15, 9, 290, 'comment', '@ravi commented on your post.', 1, 'qwdd', '2025-05-21 11:48:25', '2025-05-21 13:39:54'),
(569, 15, 9, 290, 'comment', '@ravi commented on your post.', 1, 'sdcdc', '2025-05-21 11:48:30', '2025-05-21 13:39:54'),
(570, 15, 9, 290, 'comment', '@ravi commented on your post.', 1, 'dcsdc', '2025-05-21 11:48:31', '2025-05-21 13:39:54'),
(571, 15, 9, 290, 'comment', '@ravi commented on your post.', 1, 'sdc', '2025-05-21 11:49:52', '2025-05-21 13:39:54'),
(572, 9, 15, 168, 'like', '@kamlesh liked your comment.', 1, NULL, '2025-05-21 13:39:22', '2025-05-21 13:39:35'),
(573, 9, 15, 291, 'like', '@kamlesh liked your post.', 1, NULL, '2025-05-21 13:39:57', '2025-05-21 13:42:03'),
(591, 9, 15, 290, '', '@kamlesh replied to your comment.', 1, 'sddcsdc', '2025-05-21 13:40:32', '2025-05-21 13:42:03'),
(592, 9, 15, 290, '', '@kamlesh replied to your comment.', 1, 'c ', '2025-05-21 13:41:56', '2025-05-21 13:42:03'),
(593, 9, 15, 180, 'like', '@kamlesh liked your comment.', 1, NULL, '2025-05-21 13:41:57', '2025-05-21 13:42:03'),
(594, 9, 15, 179, 'like', '@kamlesh liked your comment.', 1, NULL, '2025-05-21 13:42:49', '2025-05-21 13:45:36'),
(600, 9, 15, 182, 'like', '@kamlesh liked your comment.', 1, NULL, '2025-05-21 13:44:23', '2025-05-21 13:45:36'),
(601, 9, 15, NULL, '', '@kamlesh replied to your comment.', 1, 'sdcsdc', '2025-05-21 13:45:47', '2025-05-21 13:45:51'),
(605, 15, 9, 143, 'like', '@ravi liked your reply.', 1, NULL, '2025-05-21 13:47:32', '2025-05-21 13:48:17'),
(606, 9, 15, 136, 'like', '@kamlesh liked your reply.', 1, NULL, '2025-05-21 13:47:36', '2025-05-21 13:47:40'),
(607, 9, 15, 133, 'like', '@kamlesh liked your reply.', 1, NULL, '2025-05-21 13:47:38', '2025-05-21 13:47:40'),
(608, 17, 15, 277, 'like', '@kamlesh liked your post.', 1, NULL, '2025-05-21 13:48:25', '2025-05-22 14:55:07'),
(612, 21, 15, NULL, 'follow', '@kamlesh started to following you.', 1, NULL, '2025-05-21 13:49:26', '2025-05-21 14:38:29'),
(616, 9, 15, 202, 'like', '@kamlesh liked your post.', 1, NULL, '2025-05-21 13:58:40', '2025-05-21 13:58:44'),
(629, 9, 15, 171, 'like', '@kamlesh liked your post.', 1, NULL, '2025-05-21 14:01:25', '2025-05-21 14:01:26'),
(630, 15, 9, 290, 'comment', '@ravi commented on your post.', 1, 'fv', '2025-05-21 14:01:41', '2025-05-21 14:02:41'),
(631, 15, 9, 290, 'comment', '@ravi commented on your post.', 1, 'rfvfv', '2025-05-21 14:05:50', '2025-05-21 14:05:59'),
(632, 15, 9, 290, 'comment', '@ravi commented on your post.', 1, 'cdc', '2025-05-21 14:12:06', '2025-05-21 16:36:25'),
(633, 15, 9, 290, 'comment', '@ravi commented on your post.', 1, 'dcdc', '2025-05-21 14:13:11', '2025-05-21 16:36:25'),
(634, 15, 9, 290, 'comment', '@ravi commented on your post.', 1, 'cdc', '2025-05-21 14:13:16', '2025-05-21 16:36:25'),
(635, 15, 9, 290, 'comment', '@ravi commented on your post.', 1, 'd', '2025-05-21 14:13:22', '2025-05-21 16:36:25'),
(636, 15, 9, 290, 'comment', '@ravi commented on your post.', 1, 'efef', '2025-05-21 14:17:28', '2025-05-21 16:36:25'),
(637, 15, 9, 0, '', '@ravi replied to your comment.', 1, 'f', '2025-05-21 14:18:25', '2025-05-21 16:36:25'),
(638, 9, 16, 291, 'like', '@vikram liked your post.', 1, NULL, '2025-05-21 14:19:55', '2025-05-21 14:19:58'),
(649, 9, 16, 194, 'like', '@vikram liked your comment.', 1, NULL, '2025-05-21 14:21:03', '2025-05-21 14:24:04'),
(650, 9, 16, 187, 'like', '@vikram liked your comment.', 1, NULL, '2025-05-21 14:21:04', '2025-05-21 14:24:04'),
(651, 9, 16, 289, 'comment', '@vikram commented on your post.', 1, 'efdf', '2025-05-21 14:22:00', '2025-05-21 14:24:04'),
(652, 9, 16, 289, 'comment', '@vikram commented on your post.', 1, 'efdfsf', '2025-05-21 14:22:03', '2025-05-21 14:24:04'),
(653, 9, 16, 289, 'comment', '@vikram commented on your post.', 1, 'edwede', '2025-05-21 14:22:06', '2025-05-21 14:24:04'),
(654, 9, 16, 289, 'comment', '@vikram commented on your post.', 1, 'ewfwef', '2025-05-21 14:22:09', '2025-05-21 14:24:04'),
(655, 16, 9, 204, 'like', '@ravi liked your comment.', 1, NULL, '2025-05-21 14:22:25', '2025-05-21 14:22:27'),
(656, 9, 16, 285, 'comment', '@vikram commented on your post.', 1, 'dcddc', '2025-05-21 14:23:01', '2025-05-21 14:24:04'),
(657, 9, 16, 140, 'like', '@vikram liked your comment.', 1, NULL, '2025-05-21 14:23:02', '2025-05-21 14:24:04'),
(658, 9, 16, 285, '', '@vikram replied to your comment.', 1, 'dcsdc', '2025-05-21 14:23:08', '2025-05-21 14:24:04'),
(659, 9, 16, 0, '', '@vikram replied to your comment.', 1, 'dcdc', '2025-05-21 14:23:15', '2025-05-21 14:24:04'),
(660, 9, 16, 0, '', '@vikram replied to your comment.', 1, 'sdcsdcsdcsdc', '2025-05-21 14:23:21', '2025-05-21 14:24:04'),
(661, 15, 16, 290, 'comment', '@vikram commented on your post.', 1, 'c', '2025-05-21 14:23:53', '2025-05-21 16:36:25'),
(662, 15, 16, 290, 'comment', '@vikram commented on your post.', 1, 'eded', '2025-05-21 14:23:56', '2025-05-21 16:36:25'),
(663, 9, 16, 200, 'like', '@vikram liked your comment.', 1, NULL, '2025-05-21 14:24:01', '2025-05-21 14:24:04'),
(664, 9, 16, 199, 'like', '@vikram liked your comment.', 1, NULL, '2025-05-21 14:24:08', '2025-05-21 14:27:32'),
(665, 9, 16, 198, 'like', '@vikram liked your comment.', 1, NULL, '2025-05-21 14:24:08', '2025-05-21 14:27:32'),
(666, 9, 16, 0, '', '@vikram replied to your comment.', 1, 'wddw', '2025-05-21 14:24:37', '2025-05-21 14:27:32'),
(667, 9, 16, NULL, '', '@vikram replied to your comment.', 1, 'wdwd', '2025-05-21 14:24:42', '2025-05-21 14:27:32'),
(668, 14, 16, NULL, '', '@vikram replied to your comment.', 1, 'sdsdsdf', '2025-05-21 14:25:05', '2025-05-21 18:28:21'),
(669, 14, 16, NULL, '', '@vikram replied to your comment.', 1, 'csdcdc', '2025-05-21 14:25:18', '2025-05-21 18:28:21'),
(670, 14, 16, NULL, '', '@vikram replied to your comment.', 1, 'ascsac', '2025-05-21 14:25:32', '2025-05-21 18:28:21'),
(671, 14, 16, 81, 'like', '@vikram liked your comment.', 1, NULL, '2025-05-21 14:26:53', '2025-05-21 18:28:21'),
(672, 9, 16, 166, 'like', '@vikram liked your reply.', 1, NULL, '2025-05-21 14:27:29', '2025-05-21 14:27:32'),
(673, 9, 16, NULL, '', '@vikram replied to your comment.', 1, 'dcsdcsdc', '2025-05-21 14:27:41', '2025-05-21 14:38:37'),
(675, 9, 16, 0, '', '@vikram replied to your comment.', 1, 'dffvdf', '2025-05-21 14:28:34', '2025-05-21 14:38:37'),
(677, 9, 16, NULL, '', '@vikram replied to your comment.', 1, 'ffvfv', '2025-05-21 14:28:40', '2025-05-21 14:38:37'),
(678, 9, 16, 184, 'like', '@vikram liked your comment.', 1, NULL, '2025-05-21 14:29:01', '2025-05-21 14:38:37'),
(679, 9, 16, 0, '', '@vikram replied to your comment.', 1, 'dfcfv', '2025-05-21 14:29:04', '2025-05-21 14:38:37'),
(680, 9, 16, 0, '', '@vikram replied to your comment.', 1, 'sdcdcdcsdc', '2025-05-21 14:29:08', '2025-05-21 14:38:37'),
(681, 9, 16, 0, '', '@vikram replied to your comment.', 1, 'sdcsdc', '2025-05-21 14:29:10', '2025-05-21 14:38:37'),
(682, 9, 16, 0, '', '@vikram replied to your comment.', 1, 'sddcsdcsdc', '2025-05-21 14:29:14', '2025-05-21 14:38:37'),
(684, 16, 9, 188, 'like', '@ravi liked your reply.', 1, NULL, '2025-05-21 14:30:34', '2025-05-21 14:30:35'),
(688, 20, 21, 257, 'like', '@suresh liked your post.', 0, NULL, '2025-05-21 14:38:41', '2025-05-21 14:38:41'),
(689, 17, 21, 72, 'like', '@suresh liked your comment.', 1, NULL, '2025-05-21 14:38:53', '2025-05-22 14:55:07'),
(691, 9, 21, 289, 'like', '@suresh liked your post.', 1, NULL, '2025-05-21 14:39:19', '2025-05-21 14:43:36'),
(695, 9, 21, 294, 'like', '@suresh liked your post.', 1, NULL, '2025-05-21 14:41:36', '2025-05-21 14:43:36'),
(696, 9, 21, NULL, 'follow', '@suresh started to following you.', 1, NULL, '2025-05-21 14:43:39', '2025-05-21 15:46:56'),
(697, 9, 21, 295, 'like', '@suresh liked your post.', 1, NULL, '2025-05-21 14:44:11', '2025-05-21 15:46:56'),
(698, 9, 21, 295, 'comment', '@suresh commented on your post.', 1, 'sdcdc', '2025-05-21 14:45:45', '2025-05-21 15:46:56'),
(699, 9, 21, 295, 'comment', '@suresh commented on your post.', 1, 'dcdc', '2025-05-21 14:45:48', '2025-05-21 15:46:56'),
(700, 9, 21, 84, 'like', '@suresh liked your comment.', 1, NULL, '2025-05-21 14:46:26', '2025-05-21 15:46:56'),
(701, 9, 21, 110, 'like', '@suresh liked your reply.', 1, NULL, '2025-05-21 14:46:28', '2025-05-21 15:46:56'),
(702, 9, 21, 109, 'like', '@suresh liked your reply.', 1, NULL, '2025-05-21 14:46:29', '2025-05-21 15:46:56'),
(703, 9, 21, 108, 'like', '@suresh liked your reply.', 1, NULL, '2025-05-21 14:46:29', '2025-05-21 15:46:56'),
(704, 9, 21, 0, '', '@suresh replied to your comment.', 1, 'hyhyhyhyh', '2025-05-21 14:46:45', '2025-05-21 15:46:56'),
(705, 9, 21, 0, '', '@suresh replied to your comment.', 1, 'hyhyhyhyhyhyhy', '2025-05-21 14:46:56', '2025-05-21 15:46:56'),
(707, 21, 9, 205, 'like', '@ravi liked your reply.', 1, NULL, '2025-05-21 14:52:07', '2025-05-21 15:41:25'),
(710, 9, 21, 293, 'comment', '@suresh commented on your post.', 1, 'fgfgfh', '2025-05-21 14:58:32', '2025-05-21 15:46:56'),
(711, 9, 21, 293, '', '@suresh replied to your comment.', 1, 'hthh', '2025-05-21 14:58:39', '2025-05-21 15:46:56'),
(712, 9, 21, 215, 'like', '@suresh liked your comment.', 1, NULL, '2025-05-21 14:58:49', '2025-05-21 15:46:56'),
(713, 9, 21, 0, '', '@suresh replied to your comment.', 1, 'fghfgh', '2025-05-21 14:58:52', '2025-05-21 15:46:56'),
(714, 9, 21, 0, '', '@suresh replied to your comment.', 1, 'vfdfv', '2025-05-21 15:07:23', '2025-05-21 15:46:56'),
(715, 9, 21, 0, '', '@suresh replied to your comment.', 1, 'dcdsc', '2025-05-21 15:11:46', '2025-05-21 15:46:56'),
(716, 9, 21, 0, '', '@suresh replied to your comment.', 1, 'dcsdc', '2025-05-21 15:11:50', '2025-05-21 15:46:56'),
(717, 9, 21, 0, '', '@suresh replied to your comment.', 1, 'csdcsdcsdcsdc', '2025-05-21 15:11:54', '2025-05-21 15:46:56'),
(718, 21, 9, 0, '', '@ravi replied to your comment.', 1, 'ccccsdcsc', '2025-05-21 15:14:01', '2025-05-21 15:41:25'),
(720, 21, 9, 208, 'like', '@ravi liked your reply.', 1, NULL, '2025-05-21 15:14:53', '2025-05-21 15:41:25'),
(721, 21, 9, 209, 'like', '@ravi liked your reply.', 1, NULL, '2025-05-21 15:14:54', '2025-05-21 15:41:25'),
(722, 16, 9, 0, '', '@ravi replied to your comment.', 1, 'ascsdcsd', '2025-05-21 15:15:21', '2025-05-21 19:28:34'),
(723, 9, 21, 295, 'comment', '@suresh commented on your post.', 1, 'fdvdfvfv', '2025-05-21 15:18:56', '2025-05-21 15:46:56'),
(725, 21, 9, 0, '', '@ravi replied to your comment.', 1, 'fgdfv', '2025-05-21 15:39:57', '2025-05-21 15:41:25'),
(727, 9, 21, 297, 'like', '@suresh liked your post.', 1, NULL, '2025-05-21 15:46:54', '2025-05-21 15:46:56'),
(728, 21, 9, 0, '', '@ravi replied to your comment.', 1, 'gfgg', '2025-05-21 15:49:23', '2025-05-21 15:57:01'),
(730, 21, 9, 0, '', '@ravi replied to your comment.', 1, 'dff', '2025-05-21 15:58:36', '2025-05-21 19:09:11'),
(731, 21, 9, 0, '', '@ravi replied to your comment.', 1, 'hjmhjmjmjmm', '2025-05-21 16:00:43', '2025-05-21 19:09:11'),
(738, 21, 9, 224, 'like', '@ravi liked your reply.', 1, NULL, '2025-05-21 16:14:45', '2025-05-21 19:09:11'),
(741, 16, 9, 0, '', '@ravi replied to your comment.', 1, 'sdcsdc', '2025-05-21 16:15:42', '2025-05-21 19:28:34'),
(742, 21, 9, 0, '', '@ravi replied to your comment.', 1, 'rtgtg', '2025-05-21 16:24:58', '2025-05-21 19:09:11'),
(746, 21, 9, 212, 'like', '@ravi liked your reply.', 1, NULL, '2025-05-21 16:30:34', '2025-05-21 19:09:11'),
(750, 21, 9, 216, 'like', '@ravi liked your comment.', 1, NULL, '2025-05-21 16:33:43', '2025-05-21 19:09:11'),
(751, 9, 15, 295, 'like', '@kamlesh liked your post.', 1, NULL, '2025-05-21 16:36:28', '2025-05-21 16:36:39'),
(754, 9, 15, 294, 'like', '@kamlesh liked your post.', 1, NULL, '2025-05-21 16:37:21', '2025-05-21 16:42:35'),
(757, 21, 9, 296, 'comment', '@ravi commented on your post.', 1, 'cdf', '2025-05-21 16:52:02', '2025-05-21 19:09:11'),
(758, 21, 9, 218, 'like', '@ravi liked your comment.', 1, NULL, '2025-05-21 16:52:05', '2025-05-21 19:09:11'),
(759, 9, 15, 224, 'like', '@kamlesh liked your comment.', 1, NULL, '2025-05-21 16:52:47', '2025-05-21 17:00:22'),
(760, 21, 15, 296, 'comment', '@kamlesh commented on your post.', 1, 'fbfgbgbb', '2025-05-21 16:52:50', '2025-05-21 19:09:11'),
(761, 9, 15, 293, 'like', '@kamlesh liked your post.', 1, NULL, '2025-05-21 16:53:19', '2025-05-21 17:00:22'),
(762, 20, 9, 255, 'like', '@ravi liked your post.', 0, NULL, '2025-05-21 16:55:17', '2025-05-21 16:55:17'),
(763, 20, 9, 255, 'comment', '@ravi commented on your post.', 0, 'sdsdc', '2025-05-21 16:55:21', '2025-05-21 16:55:21'),
(764, 15, 9, 225, 'like', '@ravi liked your comment.', 1, NULL, '2025-05-21 17:00:09', '2025-05-21 17:15:18'),
(765, 15, 9, 0, '', '@ravi replied to your comment.', 1, 'vvf', '2025-05-21 17:00:12', '2025-05-21 17:15:18'),
(766, 15, 9, 0, '', '@ravi replied to your comment.', 1, 'fvvffv', '2025-05-21 17:00:16', '2025-05-21 17:15:18'),
(770, 16, 9, 187, 'like', '@ravi liked your reply.', 1, NULL, '2025-05-21 17:06:14', '2025-05-21 19:28:34'),
(776, 16, 9, 184, 'like', '@ravi liked your reply.', 1, NULL, '2025-05-21 17:07:06', '2025-05-21 19:28:34'),
(779, 21, 9, NULL, '', '@ravi replied to your comment.', 1, 'sdcsdc', '2025-05-21 17:11:16', '2025-05-21 19:09:11'),
(780, 21, 9, NULL, '', '@ravi replied to your comment.', 1, 'sdcsdc', '2025-05-21 17:11:38', '2025-05-21 19:09:11'),
(787, 21, 9, 213, 'like', '@ravi liked your comment.', 1, NULL, '2025-05-21 17:13:00', '2025-05-21 19:09:11'),
(788, 21, 9, 217, 'like', '@ravi liked your comment.', 1, NULL, '2025-05-21 17:13:33', '2025-05-21 19:09:11'),
(789, 21, 9, NULL, '', '@ravi replied to your comment.', 1, 'dfvdfvfv', '2025-05-21 17:14:34', '2025-05-21 19:09:11'),
(790, 9, 15, 292, 'like', '@kamlesh liked your post.', 1, NULL, '2025-05-21 17:15:25', '2025-05-21 17:15:27'),
(791, 9, 15, 203, 'like', '@kamlesh liked your post.', 1, NULL, '2025-05-21 17:16:21', '2025-05-21 17:16:49'),
(792, 15, 9, NULL, 'follow', '@ravi started to following you.', 1, NULL, '2025-05-21 17:17:25', '2025-05-21 17:17:29'),
(793, 15, 9, 290, 'like', '@ravi liked your post.', 1, NULL, '2025-05-21 17:17:33', '2025-05-21 17:17:35'),
(794, 15, 9, 231, 'like', '@ravi liked your post.', 1, NULL, '2025-05-21 17:17:49', '2025-05-21 17:17:53'),
(795, 15, 9, 228, 'like', '@ravi liked your post.', 1, NULL, '2025-05-21 17:18:18', '2025-05-21 17:18:22'),
(796, 9, 15, 225, 'like', '@kamlesh liked your post.', 1, NULL, '2025-05-21 17:18:28', '2025-05-21 17:18:32'),
(797, 9, 15, 210, 'like', '@kamlesh liked your post.', 1, NULL, '2025-05-21 17:18:30', '2025-05-21 17:18:32'),
(799, 21, 9, 204, 'like', '@ravi liked your reply.', 1, NULL, '2025-05-21 17:26:40', '2025-05-21 19:09:11'),
(802, 21, 9, 219, 'like', '@ravi liked your reply.', 1, NULL, '2025-05-21 17:28:12', '2025-05-21 19:09:11'),
(804, 21, 9, 296, 'like', '@ravi liked your post.', 1, NULL, '2025-05-21 17:38:26', '2025-05-21 19:09:11'),
(805, 21, 9, 296, 'comment', '@ravi commented on your post.', 1, 'ccdsc', '2025-05-21 17:38:29', '2025-05-21 19:09:11'),
(807, 9, 15, 229, 'like', '@kamlesh liked your reply.', 1, NULL, '2025-05-21 17:45:13', '2025-05-21 17:45:23'),
(808, 21, 15, 296, 'like', '@kamlesh liked your post.', 1, NULL, '2025-05-21 17:47:04', '2025-05-21 19:09:11'),
(812, 9, 15, NULL, 'follow', '@kamlesh started to following you.', 1, NULL, '2025-05-21 17:48:50', '2025-05-21 18:12:30'),
(814, 16, 15, 207, 'like', '@kamlesh liked your comment.', 1, NULL, '2025-05-21 17:52:09', '2025-05-21 19:28:34'),
(815, 9, 15, 169, 'like', '@kamlesh liked your reply.', 1, NULL, '2025-05-21 17:52:13', '2025-05-21 18:12:30'),
(816, 16, 9, 289, '', '@ravi replied to your comment.', 1, 'zc', '2025-05-21 17:54:16', '2025-05-21 19:28:34'),
(817, 16, 9, 0, '', '@ravi replied to your comment.', 1, 'dfgg', '2025-05-21 17:54:23', '2025-05-21 19:28:34'),
(818, 16, 9, 0, '', '@ravi replied to your comment.', 1, 'dfg', '2025-05-21 17:54:26', '2025-05-21 19:28:34'),
(823, 16, 9, 203, 'like', '@ravi liked your comment.', 1, NULL, '2025-05-21 17:54:47', '2025-05-21 19:28:34'),
(825, 21, 9, 203, 'like', '@ravi liked your reply.', 1, NULL, '2025-05-21 17:54:56', '2025-05-21 19:09:11'),
(827, 9, 15, 168, 'like', '@kamlesh liked your reply.', 1, NULL, '2025-05-21 18:18:19', '2025-05-21 18:18:22'),
(829, 20, 9, 257, 'like', '@ravi liked your post.', 0, NULL, '2025-05-21 18:24:25', '2025-05-21 18:24:25'),
(830, 20, 9, 257, 'comment', '@ravi commented on your post.', 0, 'sdcdc', '2025-05-21 18:24:30', '2025-05-21 18:24:30'),
(831, 9, 14, 298, 'like', '@vishal liked your post.', 1, NULL, '2025-05-21 18:27:45', '2025-05-21 22:35:06'),
(832, 21, 14, 296, 'like', '@vishal liked your post.', 1, NULL, '2025-05-21 18:27:46', '2025-05-21 19:09:11'),
(833, 9, 14, 236, 'like', '@vishal liked your comment.', 1, NULL, '2025-05-21 18:28:38', '2025-05-21 22:35:06'),
(837, 15, 14, 290, 'like', '@vishal liked your post.', 1, NULL, '2025-05-21 18:29:28', '2025-05-21 18:29:29'),
(838, 15, 14, 230, 'comment', '@vishal commented on your post.', 1, 'Congratulations...', '2025-05-21 18:29:51', '2025-05-21 18:30:55'),
(839, 15, 14, 161, 'like', '@vishal liked your comment.', 1, NULL, '2025-05-21 18:30:31', '2025-05-21 18:30:55'),
(840, 15, 14, 0, '', '@vishal replied to your comment.', 1, 'sddfvdfv', '2025-05-21 18:30:36', '2025-05-21 18:30:55'),
(841, 15, 14, 0, '', '@vishal replied to your comment.', 1, 'fv ffv', '2025-05-21 18:30:37', '2025-05-21 18:30:55'),
(842, 9, 14, 161, 'like', '@vishal liked your reply.', 1, NULL, '2025-05-21 18:30:42', '2025-05-21 22:35:06'),
(843, 15, 14, 0, '', '@vishal replied to your comment.', 1, 'ff', '2025-05-21 18:30:45', '2025-05-21 18:30:55'),
(844, 15, 14, 0, '', '@vishal replied to your comment.', 1, 'fv', '2025-05-21 18:30:50', '2025-05-21 18:30:55'),
(845, 9, 15, 238, 'like', '@kamlesh liked your reply.', 1, NULL, '2025-05-21 18:32:07', '2025-05-21 22:35:06'),
(846, 9, 15, 239, 'like', '@kamlesh liked your reply.', 1, NULL, '2025-05-21 18:32:07', '2025-05-21 22:35:06'),
(847, 15, 14, NULL, 'follow', '@vishal started to following you.', 1, NULL, '2025-05-21 18:32:17', '2025-05-21 18:32:21'),
(848, 15, 14, NULL, 'follow', '@vishal started to following you.', 1, NULL, '2025-05-21 18:32:27', '2025-05-21 18:33:21'),
(849, 15, 14, NULL, 'follow', '@vishal started to following you.', 1, NULL, '2025-05-21 18:32:29', '2025-05-21 18:33:21'),
(850, 15, 14, NULL, 'follow', '@vishal started to following you.', 1, NULL, '2025-05-21 18:32:29', '2025-05-21 18:33:21'),
(852, 17, 14, NULL, 'follow', '@vishal started to following you.', 1, NULL, '2025-05-21 18:32:31', '2025-05-22 14:55:07'),
(853, 19, 14, NULL, 'follow', '@vishal started to following you.', 1, NULL, '2025-05-21 18:32:34', '2025-05-22 17:40:51'),
(854, 19, 14, NULL, 'follow', '@vishal started to following you.', 1, NULL, '2025-05-21 18:32:35', '2025-05-22 17:40:51'),
(861, 19, 14, NULL, 'follow', '@vishal started to following you.', 1, NULL, '2025-05-21 18:34:01', '2025-05-22 17:40:51'),
(865, 19, 14, NULL, 'follow', '@vishal started to following you.', 1, NULL, '2025-05-21 18:37:05', '2025-05-22 17:40:51'),
(869, 9, 14, 295, 'like', '@vishal liked your post.', 1, NULL, '2025-05-21 18:37:38', '2025-05-21 22:35:06'),
(870, 9, 14, 295, 'comment', '@vishal commented on your post.', 1, 'fd', '2025-05-21 18:37:41', '2025-05-21 22:35:06'),
(871, 9, 14, 295, 'comment', '@vishal commented on your post.', 1, 'dfv', '2025-05-21 18:37:46', '2025-05-21 22:35:06'),
(872, 9, 14, 295, 'comment', '@vishal commented on your post.', 1, 'dfv', '2025-05-21 18:37:48', '2025-05-21 22:35:06'),
(873, 9, 14, 295, 'comment', '@vishal commented on your post.', 1, 'dfv', '2025-05-21 18:37:51', '2025-05-21 22:35:06'),
(878, 9, 14, 254, 'like', '@vishal liked your reply.', 1, NULL, '2025-05-21 18:41:30', '2025-05-21 22:35:06'),
(884, 14, 15, 235, 'like', '@kamlesh liked your post.', 1, NULL, '2025-05-21 18:44:09', '2025-05-21 18:49:40'),
(885, 9, 14, 242, 'like', '@vishal liked your reply.', 1, NULL, '2025-05-21 18:49:54', '2025-05-21 22:35:06'),
(886, 9, 14, 103, 'like', '@vishal liked your reply.', 1, NULL, '2025-05-21 18:52:41', '2025-05-21 22:35:06'),
(903, 14, 15, 232, 'like', '@kamlesh liked your post.', 1, NULL, '2025-05-21 19:05:48', '2025-05-21 19:05:57'),
(908, 9, 14, 235, 'like', '@vishal liked your comment.', 1, NULL, '2025-05-21 19:19:07', '2025-05-21 22:35:06'),
(909, 9, 14, 0, '', '@vishal replied to your comment.', 1, 'dfg', '2025-05-21 19:19:12', '2025-05-21 22:35:06'),
(910, 9, 14, 0, '', '@vishal replied to your comment.', 1, 'dg', '2025-05-21 19:19:15', '2025-05-21 22:35:06'),
(911, 9, 14, NULL, '', '@vishal replied to your comment.', 1, 'dfg', '2025-05-21 19:19:20', '2025-05-21 22:35:06'),
(912, 9, 14, 233, 'like', '@vishal liked your reply.', 1, NULL, '2025-05-21 19:23:07', '2025-05-21 22:35:06'),
(913, 21, 14, 259, 'like', '@vishal liked your post.', 1, NULL, '2025-05-21 19:23:15', '2025-05-21 19:23:17'),
(914, 21, 14, 259, 'comment', '@vishal commented on your post.', 1, 'sdcsdc', '2025-05-21 19:23:22', '2025-05-21 19:23:33'),
(916, 21, 14, 85, 'like', '@vishal liked your comment.', 1, NULL, '2025-05-21 19:24:02', '2025-05-21 19:24:05'),
(921, 14, 16, 240, 'like', '@vikram liked your comment.', 1, NULL, '2025-05-21 19:28:01', '2025-05-22 15:52:52'),
(924, 9, 16, NULL, 'follow', '@vikram started to following you.', 1, NULL, '2025-05-21 19:29:12', '2025-05-21 22:35:06'),
(925, 16, 9, NULL, 'follow', '@ravi started to following you.', 0, NULL, '2025-05-21 22:32:14', '2025-05-21 22:32:14'),
(926, 16, 9, 274, 'like', '@ravi liked your post.', 0, NULL, '2025-05-21 22:32:30', '2025-05-21 22:32:30'),
(927, 14, 15, 0, '', '@kamlesh replied to your comment.', 1, 'sdc', '2025-05-22 12:03:24', '2025-05-22 15:52:52'),
(928, 14, 15, NULL, '', '@kamlesh replied to your comment.', 1, 'sdc', '2025-05-22 12:03:27', '2025-05-22 15:52:52'),
(929, 14, 15, NULL, '', '@kamlesh replied to your comment.', 1, 'sdcsdc', '2025-05-22 12:03:31', '2025-05-22 15:52:52'),
(930, 9, 15, 298, 'comment', '@kamlesh commented on your post.', 0, 'sdcdc', '2025-05-22 12:04:46', '2025-05-22 12:04:46'),
(931, 9, 15, 298, 'comment', '@kamlesh commented on your post.', 0, 'fgbfgb', '2025-05-22 12:08:51', '2025-05-22 12:08:51'),
(932, 9, 15, 298, 'comment', '@kamlesh commented on your post.', 0, 'fgbfgb', '2025-05-22 12:08:54', '2025-05-22 12:08:54'),
(933, 9, 15, 298, 'comment', '@kamlesh commented on your post.', 0, 'fgbfgb', '2025-05-22 12:08:56', '2025-05-22 12:08:56'),
(934, 9, 15, 298, 'comment', '@kamlesh commented on your post.', 0, 'dscsdc', '2025-05-22 12:17:02', '2025-05-22 12:17:02'),
(935, 9, 15, 292, 'comment', '@kamlesh commented on your post.', 0, 'sdcsdc', '2025-05-22 12:17:09', '2025-05-22 12:17:09'),
(936, 9, 15, 292, 'comment', '@kamlesh commented on your post.', 0, 'sdcsdc', '2025-05-22 12:17:13', '2025-05-22 12:17:13'),
(937, 9, 15, 292, 'comment', '@kamlesh commented on your post.', 0, 'sdcsdc', '2025-05-22 12:17:19', '2025-05-22 12:17:19'),
(938, 9, 15, 292, 'comment', '@kamlesh commented on your post.', 0, 'sdcsc', '2025-05-22 12:17:20', '2025-05-22 12:17:20'),
(939, 14, 15, 235, 'comment', '@kamlesh commented on your post.', 1, 'asxax', '2025-05-22 12:18:20', '2025-05-22 15:52:52'),
(940, 14, 15, 235, 'comment', '@kamlesh commented on your post.', 1, 'sdcsc', '2025-05-22 12:18:37', '2025-05-22 15:52:52'),
(941, 20, 15, 258, 'comment', '@kamlesh commented on your post.', 0, 'sc', '2025-05-22 12:18:43', '2025-05-22 12:18:43'),
(942, 20, 15, 258, 'comment', '@kamlesh commented on your post.', 0, 'sdvsv', '2025-05-22 12:18:48', '2025-05-22 12:18:48'),
(1003, 9, 15, 298, 'like', '@kamlesh liked your post.', 0, NULL, '2025-05-22 14:06:34', '2025-05-22 14:06:34'),
(1004, 21, 15, 216, 'like', '@kamlesh liked your comment.', 1, NULL, '2025-05-22 14:08:39', '2025-05-22 18:21:15'),
(1005, 9, 15, 227, 'like', '@kamlesh liked your reply.', 0, NULL, '2025-05-22 14:08:41', '2025-05-22 14:08:41'),
(1007, 21, 15, NULL, '', '@kamlesh replied to your comment.', 1, 'sd', '2025-05-22 14:08:53', '2025-05-22 18:21:15'),
(1011, 9, 15, 226, 'like', '@kamlesh liked your reply.', 0, NULL, '2025-05-22 14:10:08', '2025-05-22 14:10:08'),
(1018, 20, 15, 258, 'comment', '@kamlesh commented on your post.', 0, 'dfgdg', '2025-05-22 14:22:51', '2025-05-22 14:22:51'),
(1026, 19, 15, NULL, 'follow', '@kamlesh started to following you.', 1, NULL, '2025-05-22 14:47:25', '2025-05-22 17:40:51'),
(1029, 17, 15, NULL, 'follow', '@kamlesh started to following you.', 1, NULL, '2025-05-22 14:47:38', '2025-05-22 14:55:07'),
(1032, 15, 17, 335, 'like', '@jagdish liked your reply.', 0, NULL, '2025-05-22 14:58:44', '2025-05-22 14:58:44'),
(1033, 15, 17, 334, 'like', '@jagdish liked your reply.', 0, NULL, '2025-05-22 14:58:46', '2025-05-22 14:58:46'),
(1034, 15, 17, 328, 'like', '@jagdish liked your reply.', 0, NULL, '2025-05-22 14:58:47', '2025-05-22 14:58:47'),
(1035, 15, 17, 333, 'like', '@jagdish liked your reply.', 0, NULL, '2025-05-22 14:58:49', '2025-05-22 14:58:49'),
(1036, 15, 17, NULL, '', '@jagdish replied to your comment.', 0, 'fdgfgbfgb', '2025-05-22 14:58:53', '2025-05-22 14:58:53'),
(1037, 15, 17, NULL, '', '@jagdish replied to your comment.', 0, 'scsdc', '2025-05-22 14:58:59', '2025-05-22 14:58:59'),
(1038, 15, 17, NULL, '', '@jagdish replied to your comment.', 0, 'sdc', '2025-05-22 14:59:01', '2025-05-22 14:59:01'),
(1039, 15, 17, NULL, '', '@jagdish replied to your comment.', 0, 'sdc', '2025-05-22 14:59:03', '2025-05-22 14:59:03'),
(1042, 9, 17, 294, 'like', '@jagdish liked your post.', 0, NULL, '2025-05-22 15:03:37', '2025-05-22 15:03:37'),
(1043, 14, 17, 242, 'like', '@jagdish liked your comment.', 1, NULL, '2025-05-22 15:03:40', '2025-05-22 15:52:52'),
(1044, 14, 17, 241, 'like', '@jagdish liked your comment.', 1, NULL, '2025-05-22 15:03:41', '2025-05-22 15:52:52'),
(1045, 14, 17, 295, '', '@jagdish replied to your comment.', 1, 'gj', '2025-05-22 15:03:45', '2025-05-22 15:52:52'),
(1046, 15, 17, 303, 'like', '@jagdish liked your reply.', 0, NULL, '2025-05-22 15:03:49', '2025-05-22 15:03:49'),
(1047, 15, 17, 304, 'like', '@jagdish liked your reply.', 0, NULL, '2025-05-22 15:03:50', '2025-05-22 15:03:50'),
(1048, 15, 17, 302, 'like', '@jagdish liked your reply.', 0, NULL, '2025-05-22 15:03:53', '2025-05-22 15:03:53'),
(1049, 14, 17, 268, 'like', '@jagdish liked your reply.', 1, NULL, '2025-05-22 15:03:54', '2025-05-22 15:52:52'),
(1050, 14, 17, NULL, '', '@jagdish replied to your comment.', 1, 'jkjk', '2025-05-22 15:04:01', '2025-05-22 15:52:52'),
(1056, 17, 14, 277, 'like', '@vishal liked your post.', 1, NULL, '2025-05-22 15:52:50', '2025-05-22 15:53:02'),
(1057, 14, 17, 235, 'like', '@jagdish liked your post.', 1, NULL, '2025-05-22 15:53:09', '2025-05-22 15:53:27'),
(1058, 15, 14, 299, 'like', '@vishal liked your post.', 0, NULL, '2025-05-22 15:54:03', '2025-05-22 15:54:03'),
(1059, 17, 14, 71, 'like', '@vishal liked your comment.', 1, NULL, '2025-05-22 15:54:15', '2025-05-22 15:54:17'),
(1060, 15, 14, 369, 'like', '@vishal liked your reply.', 0, NULL, '2025-05-22 15:54:33', '2025-05-22 15:54:33'),
(1061, 15, 14, 370, 'like', '@vishal liked your reply.', 0, NULL, '2025-05-22 15:54:35', '2025-05-22 15:54:35'),
(1062, 15, 14, NULL, '', '@vishal replied to your comment.', 0, 'sdsd', '2025-05-22 15:54:39', '2025-05-22 15:54:39'),
(1063, 15, 14, NULL, '', '@vishal replied to your comment.', 0, 'Amazing...!', '2025-05-22 16:05:45', '2025-05-22 16:05:45'),
(1064, 15, 17, 269, 'like', '@jagdish liked your comment.', 0, NULL, '2025-05-22 16:25:16', '2025-05-22 16:25:16'),
(1066, 15, 17, 268, 'like', '@jagdish liked your comment.', 0, NULL, '2025-05-22 16:30:42', '2025-05-22 16:30:42'),
(1070, 9, 17, 295, 'like', '@jagdish liked your post.', 0, NULL, '2025-05-22 16:35:01', '2025-05-22 16:35:01'),
(1072, 15, 17, 299, 'like', '@jagdish liked your post.', 0, NULL, '2025-05-22 16:35:11', '2025-05-22 16:35:11'),
(1073, 9, 17, 298, 'like', '@jagdish liked your post.', 0, NULL, '2025-05-22 16:35:12', '2025-05-22 16:35:12'),
(1074, 9, 17, 289, 'like', '@jagdish liked your post.', 0, NULL, '2025-05-22 16:36:03', '2025-05-22 16:36:03'),
(1075, 9, 17, 186, 'like', '@jagdish liked your comment.', 0, NULL, '2025-05-22 16:36:13', '2025-05-22 16:36:13'),
(1077, 9, 17, 197, 'like', '@jagdish liked your reply.', 0, NULL, '2025-05-22 16:36:18', '2025-05-22 16:36:18'),
(1079, 9, 17, 198, 'like', '@jagdish liked your reply.', 0, NULL, '2025-05-22 16:36:24', '2025-05-22 16:36:24'),
(1080, 9, 17, 196, 'like', '@jagdish liked your reply.', 0, NULL, '2025-05-22 16:36:28', '2025-05-22 16:36:28'),
(1081, 9, 17, 193, 'like', '@jagdish liked your reply.', 0, NULL, '2025-05-22 16:36:31', '2025-05-22 16:36:31'),
(1087, 14, 17, 385, 'like', '@jagdish liked your reply.', 1, NULL, '2025-05-22 16:37:25', '2025-05-22 16:39:06'),
(1089, 15, 17, 370, 'like', '@jagdish liked your reply.', 0, NULL, '2025-05-22 16:39:04', '2025-05-22 16:39:04'),
(1090, 15, 17, 369, 'like', '@jagdish liked your reply.', 0, NULL, '2025-05-22 16:39:21', '2025-05-22 16:39:21'),
(1091, 9, 14, 294, 'like', '@vishal liked your post.', 0, NULL, '2025-05-22 16:48:26', '2025-05-22 16:48:26'),
(1093, 9, 17, 293, 'like', '@jagdish liked your post.', 0, NULL, '2025-05-22 17:18:13', '2025-05-22 17:18:13'),
(1094, 9, 17, 293, 'comment', '@jagdish commented on your post.', 0, 'sdcsc', '2025-05-22 17:18:17', '2025-05-22 17:18:17'),
(1095, 9, 17, 293, 'comment', '@jagdish commented on your post.', 0, 'sdc', '2025-05-22 17:18:20', '2025-05-22 17:18:20'),
(1096, 21, 17, 216, 'like', '@jagdish liked your comment.', 1, NULL, '2025-05-22 17:30:41', '2025-05-22 18:21:15'),
(1097, 9, 17, 215, 'like', '@jagdish liked your comment.', 0, NULL, '2025-05-22 17:30:41', '2025-05-22 17:30:41'),
(1098, 9, 17, 212, 'like', '@jagdish liked your comment.', 0, NULL, '2025-05-22 17:30:44', '2025-05-22 17:30:44'),
(1100, 15, 17, 249, 'like', '@jagdish liked your comment.', 0, NULL, '2025-05-22 17:31:58', '2025-05-22 17:31:58'),
(1101, 15, 17, 248, 'like', '@jagdish liked your comment.', 0, NULL, '2025-05-22 17:32:04', '2025-05-22 17:32:04'),
(1104, 9, 17, 278, 'like', '@jagdish liked your post.', 0, NULL, '2025-05-22 17:33:33', '2025-05-22 17:33:33'),
(1105, 15, 17, NULL, '', '@jagdish replied to your comment.', 0, 'dfgdfg', '2025-05-22 17:33:58', '2025-05-22 17:33:58'),
(1106, 15, 17, NULL, '', '@jagdish replied to your comment.', 0, 'dfgdfg', '2025-05-22 17:34:00', '2025-05-22 17:34:00'),
(1107, 17, 14, 244, 'like', '@vishal liked your post.', 1, NULL, '2025-05-22 17:35:29', '2025-05-22 17:36:55'),
(1108, 14, 19, 384, 'like', '@kishanlal liked your reply.', 0, NULL, '2025-05-22 17:41:04', '2025-05-22 17:41:04'),
(1109, 17, 19, 387, 'like', '@kishanlal liked your reply.', 1, NULL, '2025-05-22 17:41:33', '2025-05-22 17:43:14'),
(1110, 15, 19, 299, 'like', '@kishanlal liked your post.', 0, NULL, '2025-05-22 17:41:42', '2025-05-22 17:41:42'),
(1111, 9, 19, 298, 'like', '@kishanlal liked your post.', 0, NULL, '2025-05-22 17:41:43', '2025-05-22 17:41:43'),
(1112, 9, 19, 295, 'like', '@kishanlal liked your post.', 0, NULL, '2025-05-22 17:41:45', '2025-05-22 17:41:45'),
(1113, 9, 19, 294, 'like', '@kishanlal liked your post.', 0, NULL, '2025-05-22 17:41:46', '2025-05-22 17:41:46'),
(1114, 9, 19, 293, 'like', '@kishanlal liked your post.', 0, NULL, '2025-05-22 17:41:47', '2025-05-22 17:41:47'),
(1115, 9, 19, 292, 'like', '@kishanlal liked your post.', 0, NULL, '2025-05-22 17:41:48', '2025-05-22 17:41:48'),
(1118, 17, 19, 301, 'like', '@kishanlal liked your post.', 1, NULL, '2025-05-22 17:44:29', '2025-05-22 17:44:34'),
(1122, 17, 19, NULL, 'follow', '@kishanlal started to following you.', 1, NULL, '2025-05-22 18:07:45', '2025-05-22 18:07:47'),
(1126, 17, 19, 302, 'like', '@kishanlal liked your post.', 1, NULL, '2025-05-22 18:10:50', '2025-05-22 18:10:53'),
(1127, 17, 19, 277, 'like', '@kishanlal liked your post.', 1, NULL, '2025-05-22 18:10:57', '2025-05-22 18:11:00'),
(1129, 17, 19, 244, 'like', '@kishanlal liked your post.', 1, NULL, '2025-05-22 18:11:53', '2025-05-22 18:11:55'),
(1130, 14, 19, 235, 'like', '@kishanlal liked your post.', 0, NULL, '2025-05-22 18:32:40', '2025-05-22 18:32:40'),
(1131, 17, 19, 242, 'like', '@kishanlal liked your post.', 0, NULL, '2025-05-22 18:32:49', '2025-05-22 18:32:49'),
(1132, 21, 19, NULL, 'follow', '@kishanlal started to following you.', 1, NULL, '2025-05-22 18:32:59', '2025-05-22 18:33:01'),
(1133, 21, 19, 259, 'like', '@kishanlal liked your post.', 1, NULL, '2025-05-22 18:33:04', '2025-05-22 18:33:06'),
(1134, 15, 21, 370, 'like', '@suresh liked your reply.', 0, NULL, '2025-05-22 18:45:36', '2025-05-22 18:45:36'),
(1135, 15, 21, 315, 'like', '@suresh liked your reply.', 0, NULL, '2025-05-22 18:47:44', '2025-05-22 18:47:44'),
(1136, 15, 21, 317, 'like', '@suresh liked your reply.', 0, NULL, '2025-05-22 18:48:18', '2025-05-22 18:48:18'),
(1137, 15, 21, 369, 'like', '@suresh liked your reply.', 0, NULL, '2025-05-22 18:53:41', '2025-05-22 18:53:41'),
(1138, 15, 19, NULL, '', '@kishanlal replied to your comment.', 0, 'sdf', '2025-05-22 18:55:10', '2025-05-22 18:55:10');
INSERT INTO `twitter_notifications` (`id`, `user_id`, `from_user_id`, `post_id`, `type`, `message`, `is_read`, `comment_content`, `created_at`, `updated_at`) VALUES
(1139, 15, 19, NULL, '', '@kishanlal replied to your comment.', 0, 'ssdf', '2025-05-22 18:55:17', '2025-05-22 18:55:17'),
(1140, 15, 19, NULL, '', '@kishanlal replied to your comment.', 0, 'sf', '2025-05-22 18:55:21', '2025-05-22 18:55:21'),
(1141, 15, 19, NULL, '', '@kishanlal replied to your comment.', 0, 'dfg', '2025-05-22 18:55:27', '2025-05-22 18:55:27');

-- --------------------------------------------------------

--
-- Table structure for table `twitter_posts`
--

CREATE TABLE `twitter_posts` (
  `id` int(11) NOT NULL,
  `user_id` int(11) DEFAULT NULL,
  `content` varchar(255) DEFAULT NULL,
  `media` varchar(255) DEFAULT NULL,
  `created_at` timestamp NOT NULL DEFAULT current_timestamp(),
  `updated_at` timestamp NOT NULL DEFAULT current_timestamp()
) ENGINE=InnoDB DEFAULT CHARSET=utf8mb4 COLLATE=utf8mb4_general_ci;

--
-- Dumping data for table `twitter_posts`
--

INSERT INTO `twitter_posts` (`id`, `user_id`, `content`, `media`, `created_at`, `updated_at`) VALUES
(46, 9, 'Hey... this is my first post...!', 'audi1746623394.png', '2025-05-07 13:09:54', '2025-05-07 13:09:54'),
(47, 9, 'Hello...!', NULL, '2025-05-07 13:12:15', '2025-05-07 13:12:15'),
(48, 9, 'New iphone...', 'iphone151746623864.png', '2025-05-07 13:17:44', '2025-05-07 13:17:44'),
(85, 9, 'Hi Everyone...', NULL, '2025-05-08 10:03:19', '2025-05-08 10:03:19'),
(87, 9, 'Hello Guys...! My name is Ravi Mali', NULL, '2025-05-08 12:02:27', '2025-05-08 12:02:27'),
(118, 9, 'I am going to Home', NULL, '2025-05-08 14:02:59', '2025-05-08 14:02:59'),
(119, 9, 'Good Morning...!', NULL, '2025-05-09 04:25:27', '2025-05-09 04:25:27'),
(171, 9, 'Hello', NULL, '2025-05-09 11:36:55', '2025-05-09 11:36:55'),
(202, 9, 'I am here...!', NULL, '2025-05-11 08:27:46', '2025-05-11 08:27:46'),
(203, 9, 'Good Morning...!', NULL, '2025-05-12 04:48:08', '2025-05-12 04:48:08'),
(210, 9, 'assaasx', NULL, '2025-05-12 11:53:20', '2025-05-12 11:53:20'),
(213, 14, 'Hello', NULL, '2025-05-12 12:13:49', '2025-05-12 12:13:49'),
(214, 15, 'This is Kamlesh Mali', NULL, '2025-05-12 12:53:23', '2025-05-12 12:53:23'),
(215, 15, 'Good evening Guys...!', NULL, '2025-05-12 12:54:00', '2025-05-12 12:54:00'),
(216, 15, 'Hello', NULL, '2025-05-12 12:54:03', '2025-05-12 12:54:03'),
(217, 16, 'Hi I am Vikram Mali', NULL, '2025-05-12 12:55:58', '2025-05-12 12:55:58'),
(218, 19, 'Hi, how are you...?', NULL, '2025-05-12 12:58:41', '2025-05-12 12:58:41'),
(219, 20, 'Hi, I am unknown user...', NULL, '2025-05-12 13:00:03', '2025-05-12 13:00:03'),
(220, 20, 'Do you know me?', NULL, '2025-05-12 13:00:40', '2025-05-12 13:00:40'),
(221, 20, 'Its India vs Pakistan...', NULL, '2025-05-12 13:00:54', '2025-05-12 13:00:54'),
(222, 17, 'Hi this is Jagdish Mali', NULL, '2025-05-12 13:03:02', '2025-05-12 13:03:02'),
(225, 9, 'Good Morning', NULL, '2025-05-13 04:16:02', '2025-05-13 04:16:02'),
(227, 15, 'Hello, how are you..?', 'x1747128764.avif', '2025-05-13 09:32:44', '2025-05-13 09:32:44'),
(228, 15, NULL, 'user1747128775.jpg', '2025-05-13 09:32:55', '2025-05-13 09:32:55'),
(229, 15, NULL, 'bag1747128782.png', '2025-05-13 09:33:02', '2025-05-13 09:33:02'),
(230, 15, NULL, 'audi1747128786.png', '2025-05-13 09:33:06', '2025-05-13 09:33:06'),
(231, 15, NULL, 'iphone151747128792.png', '2025-05-13 09:33:12', '2025-05-13 09:33:12'),
(232, 14, NULL, 'x1747128840.avif', '2025-05-13 09:34:00', '2025-05-13 09:34:00'),
(233, 14, NULL, 'Capture1747128847.PNG', '2025-05-13 09:34:07', '2025-05-13 09:34:07'),
(234, 14, NULL, 'Screenshot (3)1747128853.png', '2025-05-13 09:34:13', '2025-05-13 09:34:13'),
(235, 14, NULL, 'bag1747128861.png', '2025-05-13 09:34:21', '2025-05-13 09:34:21'),
(236, 16, NULL, 'twitter1747128918.png', '2025-05-13 09:35:18', '2025-05-13 09:35:18'),
(237, 16, NULL, 'x1747128922.avif', '2025-05-13 09:35:22', '2025-05-13 09:35:22'),
(238, 16, NULL, 'bag1747128930.png', '2025-05-13 09:35:30', '2025-05-13 09:35:30'),
(239, 16, NULL, 'iphone151747128940.png', '2025-05-13 09:35:40', '2025-05-13 09:35:40'),
(240, 16, NULL, 'audi1747128950.png', '2025-05-13 09:35:50', '2025-05-13 09:35:50'),
(241, 17, NULL, 'iphone151747129009.png', '2025-05-13 09:36:49', '2025-05-13 09:36:49'),
(242, 17, 'wwdcsdcdc', 'twitter1747129016.png', '2025-05-13 09:36:56', '2025-05-13 09:36:56'),
(243, 17, NULL, 'bag1747129021.png', '2025-05-13 09:37:01', '2025-05-13 09:37:01'),
(244, 17, NULL, 'user1747129026.jpg', '2025-05-13 09:37:06', '2025-05-13 09:37:06'),
(245, 19, 'Hello', 'twitter (1)1747129122.png', '2025-05-13 09:38:42', '2025-05-13 09:38:42'),
(246, 19, 'Good Noon', 'bag1747129132.png', '2025-05-13 09:38:52', '2025-05-13 09:38:52'),
(247, 19, NULL, 'iphone151747129138.png', '2025-05-13 09:38:58', '2025-05-13 09:38:58'),
(248, 19, NULL, 'audi1747129145.png', '2025-05-13 09:39:05', '2025-05-13 09:39:05'),
(249, 19, NULL, 'Capture1747129169.PNG', '2025-05-13 09:39:29', '2025-05-13 09:39:29'),
(250, 19, NULL, 'Screenshot (2)1747129177.png', '2025-05-13 09:39:37', '2025-05-13 09:39:37'),
(251, 19, NULL, 'Screenshot (3)1747129183.png', '2025-05-13 09:39:43', '2025-05-13 09:39:43'),
(252, 19, NULL, 'Screenshot (4)1747129192.png', '2025-05-13 09:39:52', '2025-05-13 09:39:52'),
(253, 20, NULL, 'Screenshot (2)1747129364.png', '2025-05-13 09:42:44', '2025-05-13 09:42:44'),
(254, 20, NULL, 'Screenshot (4)1747129368.png', '2025-05-13 09:42:48', '2025-05-13 09:42:48'),
(255, 20, NULL, 'Screenshot (8)1747129410.png', '2025-05-13 09:43:30', '2025-05-13 09:43:30'),
(256, 20, NULL, 'Screenshot (1)1747129414.png', '2025-05-13 09:43:34', '2025-05-13 09:43:34'),
(257, 20, NULL, 'Screenshot (2)1747129421.png', '2025-05-13 09:43:41', '2025-05-13 09:43:41'),
(258, 20, NULL, 'Screenshot (4)1747129424.png', '2025-05-13 09:43:44', '2025-05-13 09:43:44'),
(259, 21, 'Hello...!', NULL, '2025-05-13 09:50:00', '2025-05-13 09:50:00'),
(261, 9, 'Good Morning...!', NULL, '2025-05-14 04:07:58', '2025-05-14 04:07:58'),
(274, 16, 'I am working at 10:22 PM', NULL, '2025-05-14 16:52:27', '2025-05-14 16:52:27'),
(277, 17, 'Good Evening...!', NULL, '2025-05-15 13:52:42', '2025-05-15 13:52:42'),
(278, 9, 'Hello', NULL, '2025-05-16 11:23:25', '2025-05-16 11:23:25'),
(285, 9, 'Its 11:40 PM and I am still working', NULL, '2025-05-16 18:10:19', '2025-05-16 18:10:19'),
(286, 9, 'New iphone', 'iphone151747459100.png', '2025-05-17 05:18:20', '2025-05-17 05:18:20'),
(289, 9, 'Good Night...!', NULL, '2025-05-20 17:19:22', '2025-05-20 17:19:22'),
(290, 15, 'dwewfewdwe', NULL, '2025-05-21 03:11:57', '2025-05-21 03:11:57'),
(291, 9, 'dfdf', NULL, '2025-05-21 06:15:02', '2025-05-21 06:15:02'),
(292, 9, 'dfggdg', NULL, '2025-05-21 09:05:45', '2025-05-21 09:05:45'),
(293, 9, 'ff', NULL, '2025-05-21 09:06:38', '2025-05-21 09:06:38'),
(294, 9, 'dcdc', NULL, '2025-05-21 09:06:51', '2025-05-21 09:06:51'),
(295, 9, 'sadasd', NULL, '2025-05-21 09:06:57', '2025-05-21 09:06:57'),
(298, 9, 'cdcsdcsdc', NULL, '2025-05-21 11:51:12', '2025-05-21 11:51:12'),
(299, 15, 'fghfgh', NULL, '2025-05-22 09:11:31', '2025-05-22 09:11:31'),
(301, 17, 'dc', NULL, '2025-05-22 12:08:10', '2025-05-22 12:08:10'),
(302, 17, 'sdc', NULL, '2025-05-22 12:08:12', '2025-05-22 12:08:12');

-- --------------------------------------------------------

--
-- Table structure for table `twitter_replies`
--

CREATE TABLE `twitter_replies` (
  `id` int(11) NOT NULL,
  `user_id` int(11) NOT NULL,
  `post_id` int(11) NOT NULL,
  `comment_id` int(11) NOT NULL,
  `reply` text NOT NULL,
  `parent_reply_id` int(11) DEFAULT NULL,
  `created_at` datetime DEFAULT current_timestamp(),
  `updated_at` datetime DEFAULT current_timestamp() ON UPDATE current_timestamp()
) ENGINE=InnoDB DEFAULT CHARSET=utf8mb4 COLLATE=utf8mb4_general_ci;

--
-- Dumping data for table `twitter_replies`
--

INSERT INTO `twitter_replies` (`id`, `user_id`, `post_id`, `comment_id`, `reply`, `parent_reply_id`, `created_at`, `updated_at`) VALUES
(25, 9, 286, 159, 'dc', NULL, '2025-05-20 11:28:31', '2025-05-20 11:28:31'),
(26, 9, 286, 159, 'sdc', NULL, '2025-05-20 11:29:22', '2025-05-20 11:29:22'),
(27, 9, 286, 159, 'sdcsdc', NULL, '2025-05-20 11:29:31', '2025-05-20 11:29:31'),
(28, 9, 286, 156, 'sxsx', NULL, '2025-05-20 11:47:25', '2025-05-20 11:47:25'),
(29, 9, 286, 155, 'fv', NULL, '2025-05-20 11:47:56', '2025-05-20 11:47:56'),
(30, 9, 286, 151, 'Thank you...', NULL, '2025-05-20 11:48:34', '2025-05-20 11:48:34'),
(31, 9, 286, 158, 'Thanks', NULL, '2025-05-20 11:48:44', '2025-05-20 11:48:44'),
(35, 9, 277, 118, 'ssx', NULL, '2025-05-20 13:41:55', '2025-05-20 13:41:55'),
(36, 9, 286, 157, 'qwsqws', NULL, '2025-05-20 13:42:05', '2025-05-20 13:42:05'),
(37, 9, 286, 156, 'sdcdsc', NULL, '2025-05-20 13:42:15', '2025-05-20 13:42:15'),
(38, 9, 286, 158, 'dcsdc', NULL, '2025-05-20 13:42:56', '2025-05-20 13:42:56'),
(39, 9, 286, 158, 'sadss', NULL, '2025-05-20 13:43:00', '2025-05-20 13:43:00'),
(40, 9, 286, 159, 'dcdc', NULL, '2025-05-20 14:17:30', '2025-05-20 14:17:30'),
(41, 9, 286, 159, 'Hello Kamlesh', NULL, '2025-05-20 14:17:54', '2025-05-20 14:17:54'),
(42, 9, 278, 81, 'fvfv', NULL, '2025-05-20 14:18:51', '2025-05-20 14:18:51'),
(43, 9, 277, 69, 'Good afternoon', NULL, '2025-05-20 14:19:26', '2025-05-20 14:19:26'),
(44, 9, 286, 168, 'qscdcdc', NULL, '2025-05-20 21:24:12', '2025-05-20 21:24:12'),
(46, 9, 290, 172, 'dc c ', NULL, '2025-05-21 10:07:46', '2025-05-21 10:07:46'),
(48, 9, 290, 172, 'dcsdc', NULL, '2025-05-21 10:11:50', '2025-05-21 10:11:50'),
(50, 16, 239, 47, 'cc ', NULL, '2025-05-21 10:12:07', '2025-05-21 10:12:07'),
(55, 9, 286, 168, 'sdcdcd', NULL, '2025-05-21 10:26:18', '2025-05-21 10:26:18'),
(62, 9, 286, 168, 'sd', NULL, '2025-05-21 10:58:39', '2025-05-21 10:58:39'),
(65, 9, 286, 168, 'dc', NULL, '2025-05-21 11:14:58', '2025-05-21 11:14:58'),
(71, 9, 0, 168, 'dfv', NULL, '2025-05-21 11:26:10', '2025-05-21 11:26:10'),
(72, 9, 0, 168, 'dcv', NULL, '2025-05-21 11:27:07', '2025-05-21 11:27:07'),
(73, 9, 0, 168, 'sccsc', NULL, '2025-05-21 11:29:13', '2025-05-21 11:29:13'),
(74, 9, 290, 172, 'sdfsd', NULL, '2025-05-21 11:42:20', '2025-05-21 11:42:20'),
(75, 9, 0, 172, 'fvfvv', NULL, '2025-05-21 11:43:12', '2025-05-21 11:43:12'),
(76, 9, 0, 172, 'dfvdfv', NULL, '2025-05-21 11:43:53', '2025-05-21 11:43:53'),
(77, 9, 0, 172, 'efeferf', NULL, '2025-05-21 11:44:03', '2025-05-21 11:44:03'),
(78, 9, 291, 177, 'ssdc', NULL, '2025-05-21 11:45:19', '2025-05-21 11:45:19'),
(79, 9, 291, 177, 'dcdc', NULL, '2025-05-21 11:45:30', '2025-05-21 11:45:30'),
(80, 9, 0, 177, 'dfvdfv', NULL, '2025-05-21 11:45:48', '2025-05-21 11:45:48'),
(81, 9, 0, 177, 'dfvdfv', NULL, '2025-05-21 11:45:51', '2025-05-21 11:45:51'),
(82, 9, 0, 177, 'dfvdfv', NULL, '2025-05-21 11:45:52', '2025-05-21 11:45:52'),
(83, 9, 0, 177, 'dfvfv', NULL, '2025-05-21 11:45:55', '2025-05-21 11:45:55'),
(84, 9, 0, 177, 'fvdfv', NULL, '2025-05-21 11:46:01', '2025-05-21 11:46:01'),
(85, 9, 0, 177, 'dv', NULL, '2025-05-21 11:46:05', '2025-05-21 11:46:05'),
(86, 9, 290, 181, 'scdc', NULL, '2025-05-21 11:48:34', '2025-05-21 11:48:34'),
(87, 9, 290, 181, 'dcvsdc', NULL, '2025-05-21 11:48:40', '2025-05-21 11:48:40'),
(88, 9, 0, 181, 'dcfdc', NULL, '2025-05-21 11:48:45', '2025-05-21 11:48:45'),
(89, 9, 0, 181, 'dscsdc', NULL, '2025-05-21 11:48:48', '2025-05-21 11:48:48'),
(90, 9, 0, 181, 'sdcsdc', NULL, '2025-05-21 11:48:56', '2025-05-21 11:48:56'),
(92, 9, 0, 181, 'sdc', NULL, '2025-05-21 11:49:57', '2025-05-21 11:49:57'),
(93, 9, 0, 181, 'sdc', NULL, '2025-05-21 11:49:58', '2025-05-21 11:49:58'),
(94, 9, 0, 181, 'dsc', NULL, '2025-05-21 11:50:00', '2025-05-21 11:50:00'),
(95, 9, 0, 181, 'sdc', NULL, '2025-05-21 11:50:04', '2025-05-21 11:50:04'),
(96, 9, 0, 181, 'sdc', NULL, '2025-05-21 11:50:09', '2025-05-21 11:50:09'),
(97, 9, 0, 182, 'v v ', NULL, '2025-05-21 11:50:47', '2025-05-21 11:50:47'),
(98, 9, 0, 183, 'fv', NULL, '2025-05-21 11:53:23', '2025-05-21 11:53:23'),
(99, 9, 0, 183, 'dfv', NULL, '2025-05-21 11:53:25', '2025-05-21 11:53:25'),
(101, 9, 290, 182, 'dc', NULL, '2025-05-21 11:53:54', '2025-05-21 11:53:54'),
(102, 9, 0, 182, 'vv', NULL, '2025-05-21 11:54:03', '2025-05-21 11:54:03'),
(103, 9, 0, 182, 'sdc', NULL, '2025-05-21 11:54:04', '2025-05-21 11:54:04'),
(104, 9, 0, 182, 'sdc', NULL, '2025-05-21 11:54:07', '2025-05-21 11:54:07'),
(105, 9, 0, 175, 'gb', NULL, '2025-05-21 11:57:37', '2025-05-21 11:57:37'),
(106, 9, 0, 175, 'fbbf', NULL, '2025-05-21 11:57:38', '2025-05-21 11:57:38'),
(107, 9, 0, 175, 'fgb', NULL, '2025-05-21 11:57:41', '2025-05-21 11:57:41'),
(108, 9, 0, 84, 'dc', NULL, '2025-05-21 12:02:21', '2025-05-21 12:02:21'),
(109, 9, 0, 84, 'dc', NULL, '2025-05-21 12:02:24', '2025-05-21 12:02:24'),
(110, 9, 0, 84, 'c', NULL, '2025-05-21 12:02:27', '2025-05-21 12:02:27'),
(112, 9, 291, 184, 'sdf', NULL, '2025-05-21 12:04:34', '2025-05-21 12:04:34'),
(113, 9, 0, 184, 'dsf', NULL, '2025-05-21 12:04:40', '2025-05-21 12:04:40'),
(114, 9, 0, 184, 'sdf', NULL, '2025-05-21 12:04:42', '2025-05-21 12:04:42'),
(115, 9, 0, 184, 'sdf', NULL, '2025-05-21 12:04:45', '2025-05-21 12:04:45'),
(116, 9, 0, 187, 'dfvfv', NULL, '2025-05-21 12:08:56', '2025-05-21 12:08:56'),
(117, 9, 0, 187, 'dfvdfv', NULL, '2025-05-21 12:09:01', '2025-05-21 12:09:01'),
(118, 9, 0, 187, 'dvcd', NULL, '2025-05-21 12:09:06', '2025-05-21 12:09:06'),
(120, 9, 0, 187, 'dc', NULL, '2025-05-21 12:09:18', '2025-05-21 12:09:18'),
(121, 9, 0, 187, 'v', NULL, '2025-05-21 12:09:21', '2025-05-21 12:09:21'),
(125, 9, 0, 182, 'c', NULL, '2025-05-21 13:15:50', '2025-05-21 13:15:50'),
(126, 9, 0, 182, 'dc', 125, '2025-05-21 13:17:05', '2025-05-21 13:17:05'),
(127, 9, 0, 182, 'dc', 126, '2025-05-21 13:17:10', '2025-05-21 13:17:10'),
(128, 9, 0, 182, 'dccdcdc', 127, '2025-05-21 13:17:21', '2025-05-21 13:17:21'),
(129, 9, 0, 182, 'dcdc', 128, '2025-05-21 13:17:33', '2025-05-21 13:17:33'),
(130, 9, 0, 182, 'dcsdc', 129, '2025-05-21 13:19:25', '2025-05-21 13:19:25'),
(131, 9, 0, 182, 'sdcsdc', 130, '2025-05-21 13:19:37', '2025-05-21 13:19:37'),
(132, 9, 0, 182, 'sdc', 131, '2025-05-21 13:20:16', '2025-05-21 13:20:16'),
(133, 9, 0, 182, 'aaaa', 132, '2025-05-21 13:20:26', '2025-05-21 13:20:26'),
(136, 9, 0, 182, 'dfvdfv', 133, '2025-05-21 13:27:06', '2025-05-21 13:27:06'),
(137, 9, 0, 168, 'ghn', 73, '2025-05-21 13:27:26', '2025-05-21 13:27:26'),
(138, 9, 0, 168, 'sdcsdc', 137, '2025-05-21 13:28:01', '2025-05-21 13:28:01'),
(139, 9, 0, 184, 'sdc', NULL, '2025-05-21 13:28:18', '2025-05-21 13:28:18'),
(140, 9, 0, 184, 'dc', NULL, '2025-05-21 13:28:20', '2025-05-21 13:28:20'),
(141, 15, 290, 180, 'sddcsdc', NULL, '2025-05-21 13:40:32', '2025-05-21 13:40:32'),
(142, 15, 290, 180, 'c ', NULL, '2025-05-21 13:41:56', '2025-05-21 13:41:56'),
(143, 15, 0, 182, 'sdcsdc', 136, '2025-05-21 13:45:47', '2025-05-21 13:45:47'),
(144, 15, 229, 189, 'dcdc', NULL, '2025-05-21 13:54:41', '2025-05-21 13:54:41'),
(145, 15, 229, 189, 'sdcdc', NULL, '2025-05-21 13:54:49', '2025-05-21 13:54:49'),
(146, 15, 0, 189, 'dc', NULL, '2025-05-21 13:54:54', '2025-05-21 13:54:54'),
(147, 15, 231, 190, 'sdc', NULL, '2025-05-21 13:55:34', '2025-05-21 13:55:34'),
(148, 15, 0, 190, 'sxc', 147, '2025-05-21 13:55:41', '2025-05-21 13:55:41'),
(149, 15, 0, 190, 'sdc', NULL, '2025-05-21 13:55:47', '2025-05-21 13:55:47'),
(150, 15, 0, 190, 'ddcdc', NULL, '2025-05-21 13:56:44', '2025-05-21 13:56:44'),
(151, 15, 0, 190, 'dcdc', NULL, '2025-05-21 13:56:47', '2025-05-21 13:56:47'),
(152, 15, 0, 190, 'dcsdc', 151, '2025-05-21 13:56:56', '2025-05-21 13:56:56'),
(153, 15, 231, 190, 'sdc', NULL, '2025-05-21 13:57:15', '2025-05-21 13:57:15'),
(154, 9, 290, 193, 'gvfv', NULL, '2025-05-21 14:01:46', '2025-05-21 14:01:46'),
(155, 9, 0, 193, 'dfv', NULL, '2025-05-21 14:01:56', '2025-05-21 14:01:56'),
(156, 9, 0, 193, 'dc', NULL, '2025-05-21 14:01:59', '2025-05-21 14:01:59'),
(157, 9, 0, 184, 'dcc ', 140, '2025-05-21 14:06:32', '2025-05-21 14:06:32'),
(158, 9, 0, 184, 'cdc', 157, '2025-05-21 14:06:39', '2025-05-21 14:06:39'),
(159, 9, 0, 184, 'aaaaaaaaa', 158, '2025-05-21 14:06:46', '2025-05-21 14:06:46'),
(160, 9, 0, 184, 'vvvvvvvvvv', 159, '2025-05-21 14:06:56', '2025-05-21 14:06:56'),
(161, 9, 0, 184, 'ccccccccccc', 160, '2025-05-21 14:08:34', '2025-05-21 14:08:34'),
(162, 9, 0, 184, 'vfvfv', 161, '2025-05-21 14:09:01', '2025-05-21 14:09:01'),
(163, 9, 0, 168, 'dcdc', 138, '2025-05-21 14:09:53', '2025-05-21 14:09:53'),
(164, 9, 290, 196, 'ddw', NULL, '2025-05-21 14:12:10', '2025-05-21 14:12:10'),
(165, 9, 290, 198, 'ddw', NULL, '2025-05-21 14:13:19', '2025-05-21 14:13:19'),
(166, 9, 290, 198, 'dff', NULL, '2025-05-21 14:15:28', '2025-05-21 14:15:28'),
(167, 9, 290, 199, 'tgtg', NULL, '2025-05-21 14:16:12', '2025-05-21 14:16:12'),
(168, 9, 290, 199, 'c', NULL, '2025-05-21 14:16:50', '2025-05-21 14:16:50'),
(169, 9, 290, 199, 'fdf', NULL, '2025-05-21 14:17:25', '2025-05-21 14:17:25'),
(170, 9, 0, 159, 'f', NULL, '2025-05-21 14:18:25', '2025-05-21 14:18:25'),
(171, 9, 0, 184, 'c', NULL, '2025-05-21 14:18:36', '2025-05-21 14:18:36'),
(172, 9, 0, 184, 'ddf', NULL, '2025-05-21 14:18:56', '2025-05-21 14:18:56'),
(173, 9, 290, 180, 'cdc', NULL, '2025-05-21 14:19:15', '2025-05-21 14:19:15'),
(174, 16, 285, 140, 'dcsdc', NULL, '2025-05-21 14:23:08', '2025-05-21 14:23:08'),
(175, 16, 0, 140, 'dcdc', NULL, '2025-05-21 14:23:15', '2025-05-21 14:23:15'),
(176, 16, 0, 140, 'sdcsdcsdcsdc', NULL, '2025-05-21 14:23:21', '2025-05-21 14:23:21'),
(177, 16, 0, 200, 'wddw', NULL, '2025-05-21 14:24:37', '2025-05-21 14:24:37'),
(178, 16, 0, 200, 'wdwd', 177, '2025-05-21 14:24:42', '2025-05-21 14:24:42'),
(179, 16, 0, 81, 'sdsdsdf', 42, '2025-05-21 14:25:05', '2025-05-21 14:25:05'),
(180, 16, 0, 81, 'csdcdc', 179, '2025-05-21 14:25:18', '2025-05-21 14:25:18'),
(181, 16, 0, 81, 'ascsac', 180, '2025-05-21 14:25:32', '2025-05-21 14:25:32'),
(182, 16, 0, 198, 'dcsdcsdc', 166, '2025-05-21 14:27:41', '2025-05-21 14:27:41'),
(183, 16, 0, 121, 'dffvdf', NULL, '2025-05-21 14:28:34', '2025-05-21 14:28:34'),
(184, 16, 0, 121, 'ffvfv', 183, '2025-05-21 14:28:40', '2025-05-21 14:28:40'),
(185, 16, 0, 184, 'dfcfv', NULL, '2025-05-21 14:29:04', '2025-05-21 14:29:04'),
(186, 16, 0, 184, 'sdcdcdcsdc', NULL, '2025-05-21 14:29:08', '2025-05-21 14:29:08'),
(187, 16, 0, 184, 'sdcsdc', NULL, '2025-05-21 14:29:10', '2025-05-21 14:29:10'),
(188, 16, 0, 184, 'sddcsdcsdc', NULL, '2025-05-21 14:29:14', '2025-05-21 14:29:14'),
(189, 9, 0, 186, 'dvdfvfv', NULL, '2025-05-21 14:32:41', '2025-05-21 14:32:41'),
(190, 9, 0, 186, 'dfvdfv', NULL, '2025-05-21 14:32:44', '2025-05-21 14:32:44'),
(191, 9, 0, 186, 'dfvdfv', NULL, '2025-05-21 14:32:45', '2025-05-21 14:32:45'),
(192, 9, 0, 186, 'dfvfv', 191, '2025-05-21 14:32:49', '2025-05-21 14:32:49'),
(193, 9, 0, 186, 'ffv', 192, '2025-05-21 14:32:58', '2025-05-21 14:32:58'),
(194, 9, 0, 186, 'efrf', 193, '2025-05-21 14:33:05', '2025-05-21 14:33:05'),
(195, 9, 0, 186, 'fef', 194, '2025-05-21 14:33:10', '2025-05-21 14:33:10'),
(196, 9, 0, 186, 'f', 195, '2025-05-21 14:33:15', '2025-05-21 14:33:15'),
(197, 9, 0, 186, 'fv', 196, '2025-05-21 14:33:45', '2025-05-21 14:33:45'),
(198, 9, 0, 186, 'dfv', 197, '2025-05-21 14:33:49', '2025-05-21 14:33:49'),
(199, 9, 295, 210, 'dcsdc', NULL, '2025-05-21 14:37:51', '2025-05-21 14:37:51'),
(200, 9, 295, 210, 'wwe', NULL, '2025-05-21 14:37:56', '2025-05-21 14:37:56'),
(201, 9, 0, 210, 'fee', NULL, '2025-05-21 14:38:04', '2025-05-21 14:38:04'),
(202, 9, 0, 210, 'ergeg', NULL, '2025-05-21 14:38:07', '2025-05-21 14:38:07'),
(203, 21, 295, 214, 'sdcdccsdc', NULL, '2025-05-21 14:45:55', '2025-05-21 14:45:55'),
(204, 21, 0, 214, 'dcsdc', NULL, '2025-05-21 14:46:03', '2025-05-21 14:46:03'),
(205, 21, 0, 214, 'dcsdc', NULL, '2025-05-21 14:46:04', '2025-05-21 14:46:04'),
(206, 21, 0, 84, 'hyhyhyhyh', NULL, '2025-05-21 14:46:45', '2025-05-21 14:46:45'),
(207, 21, 0, 84, 'hyhyhyhyhyhyhy', NULL, '2025-05-21 14:46:56', '2025-05-21 14:46:56'),
(208, 21, 293, 215, 'hthh', NULL, '2025-05-21 14:58:39', '2025-05-21 14:58:39'),
(209, 21, 0, 215, 'fghfgh', NULL, '2025-05-21 14:58:52', '2025-05-21 14:58:52'),
(210, 21, 0, 208, 'vfdfv', NULL, '2025-05-21 15:07:23', '2025-05-21 15:07:23'),
(211, 21, 0, 167, 'dcdsc', NULL, '2025-05-21 15:11:46', '2025-05-21 15:11:46'),
(212, 21, 0, 211, 'dcsdc', NULL, '2025-05-21 15:11:50', '2025-05-21 15:11:50'),
(213, 21, 0, 212, 'csdcsdcsdcsdc', NULL, '2025-05-21 15:11:54', '2025-05-21 15:11:54'),
(214, 21, 0, 213, 'sdcscsdcdcsdcsdcsc', NULL, '2025-05-21 15:11:58', '2025-05-21 15:11:58'),
(215, 9, 0, 216, 'ccccsdcsc', NULL, '2025-05-21 15:14:01', '2025-05-21 15:14:01'),
(216, 9, 0, 215, 'scc', 209, '2025-05-21 15:14:57', '2025-05-21 15:14:57'),
(217, 9, 0, 209, 'sdcsdcc', NULL, '2025-05-21 15:15:02', '2025-05-21 15:15:02'),
(218, 9, 0, 205, 'ascsdcsd', NULL, '2025-05-21 15:15:21', '2025-05-21 15:15:21'),
(219, 21, 295, 214, 'Amazing...!', NULL, '2025-05-21 15:17:33', '2025-05-21 15:17:33'),
(222, 9, 0, 217, 'fgdfv', NULL, '2025-05-21 15:39:57', '2025-05-21 15:39:57'),
(224, 21, 0, 214, 'fgfgfh', NULL, '2025-05-21 15:41:39', '2025-05-21 15:41:39'),
(226, 9, 0, 216, 'dff', NULL, '2025-05-21 15:58:36', '2025-05-21 15:58:36'),
(227, 9, 0, 216, 'hjmhjmjmjmm', NULL, '2025-05-21 16:00:43', '2025-05-21 16:00:43'),
(228, 9, 0, 203, 'sdcsdc', NULL, '2025-05-21 16:15:42', '2025-05-21 16:15:42'),
(229, 9, 0, 217, 'rtgtg', NULL, '2025-05-21 16:24:58', '2025-05-21 16:24:58'),
(230, 9, 0, 168, 'dfvdfvdfv', NULL, '2025-05-21 16:45:27', '2025-05-21 16:45:27'),
(231, 9, 0, 168, 'dfvdfvfv', NULL, '2025-05-21 16:45:33', '2025-05-21 16:45:33'),
(232, 9, 0, 167, 'cdc', NULL, '2025-05-21 16:49:13', '2025-05-21 16:49:13'),
(233, 9, 0, 167, 'sdcmbv', 232, '2025-05-21 16:49:30', '2025-05-21 16:49:30'),
(241, 9, 0, 217, 'sdcsdc', 229, '2025-05-21 17:11:16', '2025-05-21 17:11:16'),
(242, 9, 0, 217, 'sdcsdc', 241, '2025-05-21 17:11:38', '2025-05-21 17:11:38'),
(243, 9, 0, 217, 'dfvdfvfv', 242, '2025-05-21 17:14:34', '2025-05-21 17:14:34'),
(244, 9, 0, 229, 'sdcsdc', NULL, '2025-05-21 17:21:37', '2025-05-21 17:21:37'),
(245, 9, 0, 229, 'sdc', NULL, '2025-05-21 17:21:41', '2025-05-21 17:21:41'),
(246, 9, 0, 229, 'sdc', 245, '2025-05-21 17:21:45', '2025-05-21 17:21:45'),
(247, 9, 289, 203, 'zc', NULL, '2025-05-21 17:54:16', '2025-05-21 17:54:16'),
(248, 9, 0, 203, 'dfgg', NULL, '2025-05-21 17:54:23', '2025-05-21 17:54:23'),
(249, 9, 0, 203, 'dfg', NULL, '2025-05-21 17:54:26', '2025-05-21 17:54:26'),
(250, 9, 298, 233, 'fgh', NULL, '2025-05-21 18:00:29', '2025-05-21 18:00:29'),
(251, 9, 0, 233, 'rt', NULL, '2025-05-21 18:00:35', '2025-05-21 18:00:35'),
(252, 9, 0, 233, 'rth', NULL, '2025-05-21 18:00:38', '2025-05-21 18:00:38'),
(253, 9, 0, 233, 'sd', NULL, '2025-05-21 18:01:20', '2025-05-21 18:01:20'),
(254, 9, 0, 233, 'sdc', NULL, '2025-05-21 18:01:24', '2025-05-21 18:01:24'),
(255, 9, 0, 87, 'cc', NULL, '2025-05-21 18:06:49', '2025-05-21 18:06:49'),
(256, 9, 0, 87, 'sdc', NULL, '2025-05-21 18:06:53', '2025-05-21 18:06:53'),
(257, 9, 0, 87, 'dcdsc', 256, '2025-05-21 18:06:57', '2025-05-21 18:06:57'),
(258, 9, 0, 236, 'dsccs', NULL, '2025-05-21 18:17:43', '2025-05-21 18:17:43'),
(259, 9, 0, 236, 'sdcsdcdcdd', NULL, '2025-05-21 18:17:47', '2025-05-21 18:17:47'),
(260, 9, 0, 237, 'csdc', NULL, '2025-05-21 18:24:35', '2025-05-21 18:24:35'),
(261, 9, 0, 237, 'sdc', NULL, '2025-05-21 18:24:38', '2025-05-21 18:24:38'),
(262, 9, 0, 237, 'sdc', 261, '2025-05-21 18:24:45', '2025-05-21 18:24:45'),
(263, 14, 0, 161, 'sddfvdfv', NULL, '2025-05-21 18:30:36', '2025-05-21 18:30:36'),
(264, 14, 0, 161, 'fv ffv', NULL, '2025-05-21 18:30:37', '2025-05-21 18:30:37'),
(265, 14, 0, 161, 'ff', NULL, '2025-05-21 18:30:45', '2025-05-21 18:30:45'),
(266, 14, 0, 161, 'fv', NULL, '2025-05-21 18:30:50', '2025-05-21 18:30:50'),
(267, 14, 0, 242, 'dfvdfv', NULL, '2025-05-21 18:39:30', '2025-05-21 18:39:30'),
(268, 14, 0, 242, 'dfv', NULL, '2025-05-21 18:39:33', '2025-05-21 18:39:33'),
(269, 14, 0, 242, 'dfv', 268, '2025-05-21 18:39:38', '2025-05-21 18:39:38'),
(270, 14, 0, 235, 'dfg', NULL, '2025-05-21 19:19:12', '2025-05-21 19:19:12'),
(271, 14, 0, 235, 'dg', NULL, '2025-05-21 19:19:15', '2025-05-21 19:19:15'),
(272, 14, 0, 235, 'dfg', 271, '2025-05-21 19:19:19', '2025-05-21 19:19:19'),
(273, 9, 0, 233, 'csdcsdc', 254, '2025-05-21 21:46:50', '2025-05-21 21:46:50'),
(284, 9, 298, 233, 'asas', NULL, '2025-05-21 22:22:06', '2025-05-21 22:22:06'),
(285, 9, 0, 233, 'ascascwdc', 284, '2025-05-21 22:22:20', '2025-05-21 22:22:20'),
(287, 9, 298, 244, 'aascsdcsdc', NULL, '2025-05-21 22:44:56', '2025-05-21 22:44:56'),
(288, 9, 0, 244, 'dscsdcsdc', NULL, '2025-05-21 22:45:09', '2025-05-21 22:45:09'),
(289, 9, 0, 244, 'scssdcsdcsdc', 288, '2025-05-21 22:45:18', '2025-05-21 22:45:18'),
(294, 9, 0, 244, 'scscsdcsdc', 289, '2025-05-21 22:54:51', '2025-05-21 22:54:51'),
(295, 9, 0, 244, 'asscsdcsdc', 294, '2025-05-21 22:55:04', '2025-05-21 22:55:04'),
(296, 9, 0, 244, 'aaaaaaaaaaaaaaa', 294, '2025-05-21 22:55:14', '2025-05-21 22:55:14'),
(297, 9, 0, 244, 'zzzzzzzzzzzz', NULL, '2025-05-21 22:55:29', '2025-05-21 22:55:29'),
(298, 9, 0, 244, 'xc xc xc xc xc dcscsdc', 296, '2025-05-21 23:03:21', '2025-05-21 23:03:21'),
(299, 9, 0, 244, 'sdcsdcsdcsdcsdcsdcsdcsdcxcccc', 296, '2025-05-21 23:03:39', '2025-05-21 23:03:39'),
(300, 9, 0, 244, 'ccccczxczxczxczxc', 299, '2025-05-21 23:03:55', '2025-05-21 23:03:55'),
(301, 9, 0, 244, 'zxcczxcdc', NULL, '2025-05-21 23:04:09', '2025-05-21 23:04:09'),
(302, 15, 0, 242, 'sdc', NULL, '2025-05-22 12:03:24', '2025-05-22 12:03:24'),
(303, 15, 0, 242, 'sdc', 302, '2025-05-22 12:03:27', '2025-05-22 12:03:27'),
(304, 15, 0, 242, 'sdcsdc', 303, '2025-05-22 12:03:31', '2025-05-22 12:03:31'),
(305, 15, 298, 245, 'dcsdc', NULL, '2025-05-22 12:04:49', '2025-05-22 12:04:49'),
(306, 15, 0, 245, 'dcsdc', NULL, '2025-05-22 12:05:54', '2025-05-22 12:05:54'),
(307, 15, 0, 245, 'ascasc', 306, '2025-05-22 12:06:28', '2025-05-22 12:06:28'),
(308, 15, 0, 245, 'dcsv', 306, '2025-05-22 12:06:30', '2025-05-22 12:06:30'),
(309, 15, 0, 245, 'sdsdv', 308, '2025-05-22 12:06:35', '2025-05-22 12:06:35'),
(310, 15, 0, 245, 'sdvsv', 308, '2025-05-22 12:06:38', '2025-05-22 12:06:38'),
(311, 15, 0, 245, 'svdsv', 308, '2025-05-22 12:06:40', '2025-05-22 12:06:40'),
(312, 15, 0, 245, 'svsv', 311, '2025-05-22 12:06:44', '2025-05-22 12:06:44'),
(313, 15, 298, 248, 'fgb', NULL, '2025-05-22 12:08:58', '2025-05-22 12:08:58'),
(314, 15, 0, 248, 'fgbfgb', NULL, '2025-05-22 12:09:03', '2025-05-22 12:09:03'),
(315, 15, 0, 248, 'gbfgb', NULL, '2025-05-22 12:09:04', '2025-05-22 12:09:04'),
(316, 15, 0, 248, 'fgbfgb', 315, '2025-05-22 12:09:09', '2025-05-22 12:09:09'),
(317, 15, 0, 248, 'fgbgb', 315, '2025-05-22 12:09:11', '2025-05-22 12:09:11'),
(318, 15, 292, 253, 'sdcdc', NULL, '2025-05-22 12:17:22', '2025-05-22 12:17:22'),
(319, 15, 0, 253, 'sdcsc', NULL, '2025-05-22 12:17:26', '2025-05-22 12:17:26'),
(320, 15, 0, 253, 'scsdc', NULL, '2025-05-22 12:17:29', '2025-05-22 12:17:29'),
(321, 15, 0, 253, 'sdcsc', NULL, '2025-05-22 12:17:31', '2025-05-22 12:17:31'),
(322, 15, 0, 253, 'sdcsc', 321, '2025-05-22 12:17:41', '2025-05-22 12:17:41'),
(323, 15, 0, 253, 'sdcsdc', 321, '2025-05-22 12:17:43', '2025-05-22 12:17:43'),
(324, 15, 0, 253, 'sdcsc', 321, '2025-05-22 12:17:45', '2025-05-22 12:17:45'),
(325, 15, 0, 249, 'sv', NULL, '2025-05-22 12:19:33', '2025-05-22 12:19:33'),
(326, 15, 0, 249, 'sdcsc', 325, '2025-05-22 12:19:39', '2025-05-22 12:19:39'),
(327, 15, 0, 249, 'csdc', 326, '2025-05-22 12:20:00', '2025-05-22 12:20:00'),
(328, 15, 0, 249, 'sdcsc', 326, '2025-05-22 12:20:02', '2025-05-22 12:20:02'),
(329, 15, 290, 262, 'sdf', NULL, '2025-05-22 13:39:57', '2025-05-22 13:39:57'),
(330, 15, 0, 262, 'sdf', NULL, '2025-05-22 13:40:09', '2025-05-22 13:40:09'),
(331, 15, 0, 262, 'sdf', NULL, '2025-05-22 13:40:10', '2025-05-22 13:40:10'),
(332, 15, 0, 262, 'sdf', 331, '2025-05-22 13:40:13', '2025-05-22 13:40:13'),
(333, 15, 0, 249, 'scs', 328, '2025-05-22 13:50:01', '2025-05-22 13:50:01'),
(334, 15, 0, 249, 'gdfg', NULL, '2025-05-22 13:50:15', '2025-05-22 13:50:15'),
(335, 15, 0, 249, 'sdsddss', 333, '2025-05-22 13:59:43', '2025-05-22 13:59:43'),
(336, 15, 0, 216, 'sd', 226, '2025-05-22 14:08:53', '2025-05-22 14:08:53'),
(337, 15, 290, 264, 'sfsdf', NULL, '2025-05-22 14:11:28', '2025-05-22 14:11:28'),
(338, 15, 0, 264, 'sdf', NULL, '2025-05-22 14:11:31', '2025-05-22 14:11:31'),
(339, 15, 0, 264, 'sfsf', NULL, '2025-05-22 14:11:33', '2025-05-22 14:11:33'),
(340, 15, 0, 264, 'sdfsdf', 339, '2025-05-22 14:11:37', '2025-05-22 14:11:37'),
(341, 15, 0, 264, 'sdfsdf', 340, '2025-05-22 14:11:54', '2025-05-22 14:11:54'),
(342, 15, 0, 264, 'sdf', 340, '2025-05-22 14:12:30', '2025-05-22 14:12:30'),
(343, 15, 0, 264, 'sf', 342, '2025-05-22 14:12:35', '2025-05-22 14:12:35'),
(344, 15, 0, 264, 'dfdfg', 340, '2025-05-22 14:12:41', '2025-05-22 14:12:41'),
(345, 15, 0, 264, 'fdgdfg', NULL, '2025-05-22 14:13:37', '2025-05-22 14:13:37'),
(346, 15, 0, 264, 'dgdg', 345, '2025-05-22 14:13:44', '2025-05-22 14:13:44'),
(347, 15, 0, 264, 'dfgdfg', 345, '2025-05-22 14:13:49', '2025-05-22 14:13:49'),
(348, 15, 0, 264, 'dfgdfg', 345, '2025-05-22 14:14:01', '2025-05-22 14:14:01'),
(349, 15, 0, 264, 'gdfg', 348, '2025-05-22 14:17:27', '2025-05-22 14:17:27'),
(350, 15, 0, 264, 'dfgdg', 348, '2025-05-22 14:17:29', '2025-05-22 14:17:29'),
(351, 15, 0, 264, 'dgdfg', 350, '2025-05-22 14:17:33', '2025-05-22 14:17:33'),
(352, 15, 0, 264, 'dgdg', 351, '2025-05-22 14:17:39', '2025-05-22 14:17:39'),
(353, 15, 0, 264, 'dfgdg', 352, '2025-05-22 14:17:42', '2025-05-22 14:17:42'),
(354, 15, 0, 264, 'sdvsdv', 348, '2025-05-22 14:18:24', '2025-05-22 14:18:24'),
(355, 15, 0, 264, 'sdvsdv', 348, '2025-05-22 14:18:26', '2025-05-22 14:18:26'),
(356, 15, 0, 264, 'sdvsv', 355, '2025-05-22 14:18:30', '2025-05-22 14:18:30'),
(357, 15, 0, 264, 'sdvsv', 355, '2025-05-22 14:18:32', '2025-05-22 14:18:32'),
(358, 15, 0, 264, 'sdv', 357, '2025-05-22 14:18:34', '2025-05-22 14:18:34'),
(359, 15, 0, 264, 'sv', 357, '2025-05-22 14:18:37', '2025-05-22 14:18:37'),
(360, 15, 258, 265, 'dg', NULL, '2025-05-22 14:22:55', '2025-05-22 14:22:55'),
(361, 15, 0, 265, 'dfgdf', NULL, '2025-05-22 14:23:00', '2025-05-22 14:23:00'),
(362, 15, 0, 265, 'dfgdg', 361, '2025-05-22 14:23:06', '2025-05-22 14:23:06'),
(363, 15, 0, 265, 'dgdg', 362, '2025-05-22 14:23:16', '2025-05-22 14:23:16'),
(364, 15, 0, 265, 'dgdfg', 362, '2025-05-22 14:23:21', '2025-05-22 14:23:21'),
(365, 15, 0, 265, 'dfg', 362, '2025-05-22 14:23:23', '2025-05-22 14:23:23'),
(366, 15, 299, 269, 'fh', NULL, '2025-05-22 14:41:50', '2025-05-22 14:41:50'),
(367, 15, 299, 269, 'fghfgh', NULL, '2025-05-22 14:41:54', '2025-05-22 14:41:54'),
(368, 15, 0, 269, 'fghfgh', NULL, '2025-05-22 14:42:02', '2025-05-22 14:42:02'),
(369, 15, 0, 269, 'fghfh', NULL, '2025-05-22 14:42:04', '2025-05-22 14:42:04'),
(370, 15, 0, 269, 'fghfhgh', 369, '2025-05-22 14:42:08', '2025-05-22 14:42:08'),
(371, 17, 244, 271, 'dfgdfgdg', NULL, '2025-05-22 14:57:01', '2025-05-22 14:57:01'),
(372, 17, 244, 271, 'dfgdfgd', NULL, '2025-05-22 14:57:04', '2025-05-22 14:57:04'),
(373, 17, 0, 271, 'dfd', NULL, '2025-05-22 14:57:10', '2025-05-22 14:57:10'),
(374, 17, 0, 271, 'dfgd', NULL, '2025-05-22 14:57:12', '2025-05-22 14:57:12'),
(375, 17, 0, 271, 'fdgdg', 374, '2025-05-22 14:57:17', '2025-05-22 14:57:17'),
(376, 17, 0, 271, 'dfgd', 374, '2025-05-22 14:57:27', '2025-05-22 14:57:27'),
(377, 17, 0, 271, 'dfg', 374, '2025-05-22 14:57:29', '2025-05-22 14:57:29'),
(378, 17, 0, 249, 'fdgfgbfgb', 335, '2025-05-22 14:58:53', '2025-05-22 14:58:53'),
(379, 17, 0, 249, 'scsdc', 378, '2025-05-22 14:58:59', '2025-05-22 14:58:59'),
(380, 17, 0, 249, 'sdc', 378, '2025-05-22 14:59:01', '2025-05-22 14:59:01'),
(381, 17, 0, 249, 'sdc', 378, '2025-05-22 14:59:03', '2025-05-22 14:59:03'),
(382, 17, 295, 242, 'gj', NULL, '2025-05-22 15:03:45', '2025-05-22 15:03:45'),
(383, 17, 0, 242, 'jkjk', 303, '2025-05-22 15:04:01', '2025-05-22 15:04:01'),
(384, 14, 0, 269, 'sdsd', 370, '2025-05-22 15:54:39', '2025-05-22 15:54:39'),
(385, 14, 0, 269, 'Amazing...!', 369, '2025-05-22 16:05:45', '2025-05-22 16:05:45'),
(386, 17, 0, 249, 'dfgdfg', 379, '2025-05-22 17:33:58', '2025-05-22 17:33:58'),
(387, 17, 0, 249, 'dfgdfg', 379, '2025-05-22 17:34:00', '2025-05-22 17:34:00'),
(388, 19, 0, 269, 'sdf', 384, '2025-05-22 18:55:10', '2025-05-22 18:55:10'),
(389, 19, 0, 269, 'ssdf', 370, '2025-05-22 18:55:17', '2025-05-22 18:55:17'),
(390, 19, 0, 269, 'sf', 384, '2025-05-22 18:55:21', '2025-05-22 18:55:21'),
(391, 19, 0, 269, 'dfg', 384, '2025-05-22 18:55:27', '2025-05-22 18:55:27');

-- --------------------------------------------------------

--
-- Table structure for table `twitter_users`
--

CREATE TABLE `twitter_users` (
  `id` int(11) NOT NULL,
  `name` varchar(255) DEFAULT NULL,
  `username` varchar(255) DEFAULT NULL,
  `email` varchar(255) DEFAULT NULL,
  `password` varchar(255) DEFAULT NULL,
  `dob` varchar(255) DEFAULT NULL,
  `bio` varchar(255) DEFAULT NULL,
  `profile_pic` varchar(255) DEFAULT NULL,
  `cover_pic` varchar(255) DEFAULT NULL,
  `joined_date` varchar(255) DEFAULT NULL,
  `created_at` timestamp NOT NULL DEFAULT current_timestamp(),
  `updated_at` timestamp NOT NULL DEFAULT current_timestamp()
) ENGINE=InnoDB DEFAULT CHARSET=utf8mb4 COLLATE=utf8mb4_general_ci;

--
-- Dumping data for table `twitter_users`
--

INSERT INTO `twitter_users` (`id`, `name`, `username`, `email`, `password`, `dob`, `bio`, `profile_pic`, `cover_pic`, `joined_date`, `created_at`, `updated_at`) VALUES
(9, 'Ravi', 'ravi', 'ravi@gmail.com', 'dd4b21e9ef71e1291183a46b913ae6f2', '2003-04-02', 'Web Developer', 'bag1747816776.png', 'Capture1747475194.PNG', 'May 2025', '2025-05-07 12:33:11', '2025-05-07 12:33:11'),
(14, 'Vishal Mali', 'vishal', 'vishal@gmail.com', 'dd4b21e9ef71e1291183a46b913ae6f2', '2000-01-05', '', 'iphone151747054065.png', 'audi1747054065.png', 'May 2025', '2025-05-09 05:43:41', '2025-05-09 05:43:41'),
(15, 'Kamlesh Mali', 'kamlesh', 'kamlesh@gmail.com', 'dd4b21e9ef71e1291183a46b913ae6f2', '1999-11-13', 'Shree Krishna bless us all', 'user1747054348.jpg', 'Capture1747054348.PNG', 'May 2025', '2025-05-09 05:44:20', '2025-05-09 05:44:20'),
(16, 'Vikram Mali', 'vikram', 'vikram@gmail.com', 'dd4b21e9ef71e1291183a46b913ae6f2', '2002-05-10', '', 'user1747835977.jpg', 'Capture1747054575.PNG', 'May 2025', '2025-05-09 05:44:51', '2025-05-09 05:44:51'),
(17, 'Jagdish Mali', 'jagdish', 'jagdish@gmail.com', 'dd4b21e9ef71e1291183a46b913ae6f2', '1998-01-01', 'Agrawal Kitchen Solutions', 'x1747909165.avif', 'Capture1747915570.PNG', 'May 2025', '2025-05-09 05:45:26', '2025-05-09 05:45:26'),
(19, 'Kishan Lal', 'kishanlal', 'kishanlal@gmail.com', 'dd4b21e9ef71e1291183a46b913ae6f2', '1975-01-01', '', 'bag1747663162.png', 'Capture1747054706.PNG', 'May 2025', '2025-05-09 05:46:56', '2025-05-09 05:46:56'),
(20, 'Ravi Mali', 'ravimali', 'ravimali@gmail.com', 'dd4b21e9ef71e1291183a46b913ae6f2', '2003-04-02', 'BCA Gold Medalist, Science day 1st Rank on district level ', 'user1746769874.jpg', 'Capture1746769812.PNG', 'May 2025', '2025-05-09 05:47:58', '2025-05-09 05:47:58'),
(21, 'Suresh Mali', 'suresh', 'suresh@gmail.com', 'dd4b21e9ef71e1291183a46b913ae6f2', '2000-01-01', '', '', 'x1747818806.avif', 'May 2025', '2025-05-13 05:59:33', '2025-05-13 05:59:33');

--
-- Indexes for dumped tables
--

--
-- Indexes for table `twitter_comments`
--
ALTER TABLE `twitter_comments`
  ADD PRIMARY KEY (`id`),
  ADD KEY `user_id` (`user_id`),
  ADD KEY `post_id` (`post_id`);

--
-- Indexes for table `twitter_followers`
--
ALTER TABLE `twitter_followers`
  ADD PRIMARY KEY (`id`),
  ADD KEY `follower_id` (`follower_id`),
  ADD KEY `following_id` (`following_id`);

--
-- Indexes for table `twitter_likes`
--
ALTER TABLE `twitter_likes`
  ADD PRIMARY KEY (`id`),
  ADD KEY `user_id` (`user_id`);

--
-- Indexes for table `twitter_notifications`
--
ALTER TABLE `twitter_notifications`
  ADD PRIMARY KEY (`id`),
  ADD KEY `user_id` (`user_id`),
  ADD KEY `from_user_id` (`from_user_id`),
  ADD KEY `fk_notifications_post` (`post_id`);

--
-- Indexes for table `twitter_posts`
--
ALTER TABLE `twitter_posts`
  ADD PRIMARY KEY (`id`),
  ADD KEY `user_id` (`user_id`);

--
-- Indexes for table `twitter_replies`
--
ALTER TABLE `twitter_replies`
  ADD PRIMARY KEY (`id`),
  ADD KEY `fk_reply_user` (`user_id`),
  ADD KEY `fk_reply_post` (`post_id`),
  ADD KEY `fk_reply_comment` (`comment_id`),
  ADD KEY `fk_reply_parent` (`parent_reply_id`);

--
-- Indexes for table `twitter_users`
--
ALTER TABLE `twitter_users`
  ADD PRIMARY KEY (`id`);

--
-- AUTO_INCREMENT for dumped tables
--

--
-- AUTO_INCREMENT for table `twitter_comments`
--
ALTER TABLE `twitter_comments`
  MODIFY `id` int(11) NOT NULL AUTO_INCREMENT, AUTO_INCREMENT=274;

--
-- AUTO_INCREMENT for table `twitter_followers`
--
ALTER TABLE `twitter_followers`
  MODIFY `id` int(11) NOT NULL AUTO_INCREMENT, AUTO_INCREMENT=674;

--
-- AUTO_INCREMENT for table `twitter_likes`
--
ALTER TABLE `twitter_likes`
  MODIFY `id` int(11) NOT NULL AUTO_INCREMENT, AUTO_INCREMENT=1702;

--
-- AUTO_INCREMENT for table `twitter_notifications`
--
ALTER TABLE `twitter_notifications`
  MODIFY `id` int(11) NOT NULL AUTO_INCREMENT, AUTO_INCREMENT=1142;

--
-- AUTO_INCREMENT for table `twitter_posts`
--
ALTER TABLE `twitter_posts`
  MODIFY `id` int(11) NOT NULL AUTO_INCREMENT, AUTO_INCREMENT=303;

--
-- AUTO_INCREMENT for table `twitter_replies`
--
ALTER TABLE `twitter_replies`
  MODIFY `id` int(11) NOT NULL AUTO_INCREMENT, AUTO_INCREMENT=392;

--
-- AUTO_INCREMENT for table `twitter_users`
--
ALTER TABLE `twitter_users`
  MODIFY `id` int(11) NOT NULL AUTO_INCREMENT, AUTO_INCREMENT=22;

--
-- Constraints for dumped tables
--

--
-- Constraints for table `twitter_comments`
--
ALTER TABLE `twitter_comments`
  ADD CONSTRAINT `twitter_comments_ibfk_1` FOREIGN KEY (`user_id`) REFERENCES `twitter_users` (`id`),
  ADD CONSTRAINT `twitter_comments_ibfk_2` FOREIGN KEY (`post_id`) REFERENCES `twitter_posts` (`id`) ON DELETE CASCADE;

--
-- Constraints for table `twitter_followers`
--
ALTER TABLE `twitter_followers`
  ADD CONSTRAINT `twitter_followers_ibfk_1` FOREIGN KEY (`follower_id`) REFERENCES `twitter_users` (`id`),
  ADD CONSTRAINT `twitter_followers_ibfk_2` FOREIGN KEY (`following_id`) REFERENCES `twitter_users` (`id`);

--
-- Constraints for table `twitter_likes`
--
ALTER TABLE `twitter_likes`
  ADD CONSTRAINT `twitter_likes_ibfk_1` FOREIGN KEY (`user_id`) REFERENCES `twitter_users` (`id`) ON DELETE CASCADE;

--
-- Constraints for table `twitter_notifications`
--
ALTER TABLE `twitter_notifications`
  ADD CONSTRAINT `twitter_notifications_ibfk_1` FOREIGN KEY (`user_id`) REFERENCES `twitter_users` (`id`) ON DELETE CASCADE;

--
-- Constraints for table `twitter_posts`
--
ALTER TABLE `twitter_posts`
  ADD CONSTRAINT `twitter_posts_ibfk_1` FOREIGN KEY (`user_id`) REFERENCES `twitter_users` (`id`);

--
-- Constraints for table `twitter_replies`
--
ALTER TABLE `twitter_replies`
  ADD CONSTRAINT `fk_reply_comment` FOREIGN KEY (`comment_id`) REFERENCES `twitter_comments` (`id`) ON DELETE CASCADE,
  ADD CONSTRAINT `fk_reply_parent` FOREIGN KEY (`parent_reply_id`) REFERENCES `twitter_replies` (`id`) ON DELETE CASCADE,
  ADD CONSTRAINT `fk_reply_user` FOREIGN KEY (`user_id`) REFERENCES `twitter_users` (`id`) ON DELETE CASCADE;
COMMIT;

/*!40101 SET CHARACTER_SET_CLIENT=@OLD_CHARACTER_SET_CLIENT */;
/*!40101 SET CHARACTER_SET_RESULTS=@OLD_CHARACTER_SET_RESULTS */;
/*!40101 SET COLLATION_CONNECTION=@OLD_COLLATION_CONNECTION */;
