-- phpMyAdmin SQL Dump
-- version 5.2.1
-- https://www.phpmyadmin.net/
--
-- Host: 127.0.0.1
-- Generation Time: May 14, 2025 at 04:02 PM
-- Server version: 10.4.32-MariaDB
-- PHP Version: 8.2.12

SET SQL_MODE = "NO_AUTO_VALUE_ON_ZERO";
START TRANSACTION;
SET time_zone = "+00:00";


/*!40101 SET @OLD_CHARACTER_SET_CLIENT=@@CHARACTER_SET_CLIENT */;
/*!40101 SET @OLD_CHARACTER_SET_RESULTS=@@CHARACTER_SET_RESULTS */;
/*!40101 SET @OLD_COLLATION_CONNECTION=@@COLLATION_CONNECTION */;
/*!40101 SET NAMES utf8mb4 */;

--
-- Database: `twitter`
--

-- --------------------------------------------------------

--
-- Table structure for table `twitter_comments`
--

CREATE TABLE `twitter_comments` (
  `id` int(11) NOT NULL,
  `user_id` int(11) DEFAULT NULL,
  `post_id` int(11) DEFAULT NULL,
  `comment` varchar(255) DEFAULT NULL,
  `created_at` timestamp NOT NULL DEFAULT current_timestamp(),
  `updated_at` timestamp NOT NULL DEFAULT current_timestamp()
) ENGINE=InnoDB DEFAULT CHARSET=utf8mb4 COLLATE=utf8mb4_general_ci;

--
-- Dumping data for table `twitter_comments`
--

INSERT INTO `twitter_comments` (`id`, `user_id`, `post_id`, `comment`, `created_at`, `updated_at`) VALUES
(5, 9, 203, 'Good Afternoon', '2025-05-12 08:27:29', '2025-05-12 08:27:29'),
(6, 9, 203, 'Hii', '2025-05-12 08:28:05', '2025-05-12 08:28:05'),
(7, 9, 203, 'Hello', '2025-05-12 08:28:16', '2025-05-12 08:28:16'),
(8, 9, 202, 'Hii', '2025-05-12 08:53:34', '2025-05-12 08:53:34'),
(9, 9, 171, 'Hi, how are you', '2025-05-12 08:56:32', '2025-05-12 08:56:32'),
(12, 15, 214, 'Yess', '2025-05-12 12:53:36', '2025-05-12 12:53:36'),
(13, 9, 222, 'Hello', '2025-05-13 04:35:16', '2025-05-13 04:35:16'),
(14, 9, 225, 'Good Morning', '2025-05-13 04:49:49', '2025-05-13 04:49:49'),
(29, 9, 221, 'yes', '2025-05-13 05:26:09', '2025-05-13 05:26:09'),
(30, 9, 220, 'No...!', '2025-05-13 05:26:29', '2025-05-13 05:26:29'),
(31, 9, 217, 'Hello', '2025-05-13 05:26:40', '2025-05-13 05:26:40'),
(32, 9, 220, 'How are you', '2025-05-13 05:27:58', '2025-05-13 05:27:58'),
(33, 9, 218, 'I am good, how are you', '2025-05-13 05:28:24', '2025-05-13 05:28:24'),
(34, 9, 218, 'Good', '2025-05-13 05:28:41', '2025-05-13 05:28:41'),
(35, 9, 225, 'Hi', '2025-05-13 05:38:14', '2025-05-13 05:38:14'),
(36, 9, 85, 'Good Morning', '2025-05-13 05:45:00', '2025-05-13 05:45:00'),
(37, 9, 85, 'Good Morning', '2025-05-13 05:45:09', '2025-05-13 05:45:09'),
(38, 9, 48, 'Congratulations', '2025-05-13 05:45:19', '2025-05-13 05:45:19'),
(39, 9, 217, 'Hi', '2025-05-13 08:27:31', '2025-05-13 08:27:31'),
(40, 9, 216, 'dc', '2025-05-13 08:45:52', '2025-05-13 08:45:52'),
(41, 9, 216, 'Hello', '2025-05-13 08:51:51', '2025-05-13 08:51:51'),
(42, 9, 215, 'Hello', '2025-05-13 08:57:04', '2025-05-13 08:57:04'),
(43, 15, 210, 'dcdfv', '2025-05-13 09:33:30', '2025-05-13 09:33:30'),
(45, 9, 240, 'hi', '2025-05-13 13:30:11', '2025-05-13 13:30:11'),
(46, 9, 240, 'Nice', '2025-05-13 13:48:37', '2025-05-13 13:48:37'),
(47, 9, 239, 'Congratulations', '2025-05-13 13:49:23', '2025-05-13 13:49:23'),
(48, 9, 225, 'dfedfc', '2025-05-14 08:08:31', '2025-05-14 08:08:31'),
(49, 9, 261, 'dcsdc', '2025-05-14 08:11:35', '2025-05-14 08:11:35'),
(50, 9, 260, 'fvdvdfvdfv ', '2025-05-14 08:11:48', '2025-05-14 08:11:48'),
(51, 9, 210, 'sdcsdc', '2025-05-14 08:13:28', '2025-05-14 08:13:28'),
(52, 9, 261, 'sdcsdcsdsdc', '2025-05-14 08:19:13', '2025-05-14 08:19:13'),
(53, 9, 251, 'efrer', '2025-05-14 10:26:41', '2025-05-14 10:26:41'),
(54, 9, 251, 'dfdfv', '2025-05-14 10:26:45', '2025-05-14 10:26:45'),
(55, 9, 251, 'dfdfv', '2025-05-14 10:26:45', '2025-05-14 10:26:45'),
(56, 9, 244, 'cdcdc', '2025-05-14 11:25:16', '2025-05-14 11:25:16'),
(57, 9, 244, 'sdsdc', '2025-05-14 11:25:22', '2025-05-14 11:25:22'),
(58, 9, 244, 'sdcdfc', '2025-05-14 11:25:25', '2025-05-14 11:25:25');

-- --------------------------------------------------------

--
-- Table structure for table `twitter_followers`
--

CREATE TABLE `twitter_followers` (
  `id` int(11) NOT NULL,
  `follower_id` int(11) DEFAULT NULL,
  `following_id` int(11) DEFAULT NULL,
  `created_at` timestamp NOT NULL DEFAULT current_timestamp(),
  `updated_at` timestamp NOT NULL DEFAULT current_timestamp()
) ENGINE=InnoDB DEFAULT CHARSET=utf8mb4 COLLATE=utf8mb4_general_ci;

--
-- Dumping data for table `twitter_followers`
--

INSERT INTO `twitter_followers` (`id`, `follower_id`, `following_id`, `created_at`, `updated_at`) VALUES
(266, 9, 14, '2025-05-14 13:51:48', '2025-05-14 13:51:48'),
(267, 14, 9, '2025-05-14 14:00:31', '2025-05-14 14:00:31');

-- --------------------------------------------------------

--
-- Table structure for table `twitter_likes`
--

CREATE TABLE `twitter_likes` (
  `id` int(11) NOT NULL,
  `user_id` int(11) NOT NULL,
  `liked_id` int(11) NOT NULL,
  `likeable_type` enum('post','comment','reply') NOT NULL,
  `created_at` datetime DEFAULT current_timestamp(),
  `updated_at` datetime DEFAULT current_timestamp() ON UPDATE current_timestamp()
) ENGINE=InnoDB DEFAULT CHARSET=utf8mb4 COLLATE=utf8mb4_general_ci;

--
-- Dumping data for table `twitter_likes`
--

INSERT INTO `twitter_likes` (`id`, `user_id`, `liked_id`, `likeable_type`, `created_at`, `updated_at`) VALUES
(40, 9, 118, 'post', '2025-05-12 10:11:56', '2025-05-12 10:11:56'),
(53, 9, 204, 'post', '2025-05-12 10:18:32', '2025-05-12 10:18:32'),
(76, 9, 119, 'post', '2025-05-12 13:46:49', '2025-05-12 13:46:49'),
(83, 9, 171, 'post', '2025-05-12 13:51:31', '2025-05-12 13:51:31'),
(86, 9, 203, 'post', '2025-05-12 14:30:07', '2025-05-12 14:30:07'),
(102, 14, 202, 'post', '2025-05-12 17:31:03', '2025-05-12 17:31:03'),
(106, 14, 203, 'post', '2025-05-12 17:47:42', '2025-05-12 17:47:42'),
(109, 14, 48, 'post', '2025-05-12 18:03:25', '2025-05-12 18:03:25'),
(115, 15, 213, 'post', '2025-05-12 18:24:12', '2025-05-12 18:24:12'),
(116, 15, 210, 'post', '2025-05-12 18:24:14', '2025-05-12 18:24:14'),
(117, 15, 203, 'post', '2025-05-12 18:24:14', '2025-05-12 18:24:14'),
(118, 15, 202, 'post', '2025-05-12 18:24:15', '2025-05-12 18:24:15'),
(119, 15, 171, 'post', '2025-05-12 18:24:16', '2025-05-12 18:24:16'),
(120, 15, 119, 'post', '2025-05-12 18:24:19', '2025-05-12 18:24:19'),
(121, 15, 118, 'post', '2025-05-12 18:24:21', '2025-05-12 18:24:21'),
(123, 15, 87, 'post', '2025-05-12 18:24:25', '2025-05-12 18:24:25'),
(124, 15, 85, 'post', '2025-05-12 18:24:27', '2025-05-12 18:24:27'),
(125, 15, 48, 'post', '2025-05-12 18:24:28', '2025-05-12 18:24:28'),
(126, 15, 47, 'post', '2025-05-12 18:24:29', '2025-05-12 18:24:29'),
(127, 15, 46, 'post', '2025-05-12 18:24:30', '2025-05-12 18:24:30'),
(139, 16, 85, 'post', '2025-05-12 18:25:39', '2025-05-12 18:25:39'),
(144, 19, 217, 'post', '2025-05-12 18:28:51', '2025-05-12 18:28:51'),
(145, 19, 216, 'post', '2025-05-12 18:28:52', '2025-05-12 18:28:52'),
(146, 19, 215, 'post', '2025-05-12 18:28:53', '2025-05-12 18:28:53'),
(147, 19, 214, 'post', '2025-05-12 18:28:55', '2025-05-12 18:28:55'),
(148, 19, 213, 'post', '2025-05-12 18:28:56', '2025-05-12 18:28:56'),
(149, 19, 210, 'post', '2025-05-12 18:28:57', '2025-05-12 18:28:57'),
(150, 19, 203, 'post', '2025-05-12 18:28:57', '2025-05-12 18:28:57'),
(151, 19, 202, 'post', '2025-05-12 18:28:59', '2025-05-12 18:28:59'),
(152, 19, 171, 'post', '2025-05-12 18:29:00', '2025-05-12 18:29:00'),
(153, 19, 119, 'post', '2025-05-12 18:29:01', '2025-05-12 18:29:01'),
(154, 19, 118, 'post', '2025-05-12 18:29:02', '2025-05-12 18:29:02'),
(155, 19, 87, 'post', '2025-05-12 18:29:03', '2025-05-12 18:29:03'),
(156, 19, 85, 'post', '2025-05-12 18:29:04', '2025-05-12 18:29:04'),
(157, 19, 48, 'post', '2025-05-12 18:29:05', '2025-05-12 18:29:05'),
(158, 19, 47, 'post', '2025-05-12 18:29:08', '2025-05-12 18:29:08'),
(159, 19, 46, 'post', '2025-05-12 18:29:09', '2025-05-12 18:29:09'),
(178, 20, 220, 'post', '2025-05-12 18:30:41', '2025-05-12 18:30:41'),
(179, 20, 221, 'post', '2025-05-12 18:30:55', '2025-05-12 18:30:55'),
(180, 17, 46, 'post', '2025-05-12 18:33:34', '2025-05-12 18:33:34'),
(181, 17, 48, 'post', '2025-05-12 18:33:36', '2025-05-12 18:33:36'),
(182, 9, 46, 'post', '2025-05-12 18:35:33', '2025-05-12 18:35:33'),
(183, 9, 47, 'post', '2025-05-12 18:37:16', '2025-05-12 18:37:16'),
(192, 9, 214, 'post', '2025-05-12 18:53:00', '2025-05-12 18:53:00'),
(207, 9, 202, 'post', '2025-05-12 19:07:27', '2025-05-12 19:07:27'),
(223, 9, 221, 'post', '2025-05-12 19:17:29', '2025-05-12 19:17:29'),
(229, 9, 210, 'post', '2025-05-12 19:25:44', '2025-05-12 19:25:44'),
(234, 9, 222, 'post', '2025-05-13 09:40:04', '2025-05-13 09:40:04'),
(235, 9, 215, 'post', '2025-05-13 09:41:17', '2025-05-13 09:41:17'),
(236, 15, 215, 'post', '2025-05-13 09:41:32', '2025-05-13 09:41:32'),
(237, 15, 222, 'post', '2025-05-13 09:41:45', '2025-05-13 09:41:45'),
(248, 9, 219, 'post', '2025-05-13 13:54:40', '2025-05-13 13:54:40'),
(271, 9, 216, 'post', '2025-05-13 14:15:45', '2025-05-13 14:15:45'),
(273, 9, 213, 'post', '2025-05-13 14:27:58', '2025-05-13 14:27:58'),
(274, 9, 218, 'post', '2025-05-13 14:28:23', '2025-05-13 14:28:23'),
(277, 9, 217, 'post', '2025-05-13 14:54:16', '2025-05-13 14:54:16'),
(278, 20, 46, 'post', '2025-05-13 15:11:21', '2025-05-13 15:11:21'),
(279, 20, 252, 'post', '2025-05-13 15:11:33', '2025-05-13 15:11:33'),
(280, 20, 251, 'post', '2025-05-13 15:11:35', '2025-05-13 15:11:35'),
(281, 20, 250, 'post', '2025-05-13 15:11:36', '2025-05-13 15:11:36'),
(282, 20, 249, 'post', '2025-05-13 15:11:37', '2025-05-13 15:11:37'),
(283, 20, 248, 'post', '2025-05-13 15:11:39', '2025-05-13 15:11:39'),
(285, 20, 247, 'post', '2025-05-13 15:11:40', '2025-05-13 15:11:40'),
(286, 20, 246, 'post', '2025-05-13 15:11:42', '2025-05-13 15:11:42'),
(287, 20, 245, 'post', '2025-05-13 15:11:44', '2025-05-13 15:11:44'),
(288, 20, 244, 'post', '2025-05-13 15:11:45', '2025-05-13 15:11:45'),
(289, 20, 243, 'post', '2025-05-13 15:11:46', '2025-05-13 15:11:46'),
(290, 20, 242, 'post', '2025-05-13 15:11:48', '2025-05-13 15:11:48'),
(291, 20, 241, 'post', '2025-05-13 15:11:49', '2025-05-13 15:11:49'),
(292, 20, 240, 'post', '2025-05-13 15:11:50', '2025-05-13 15:11:50'),
(293, 20, 239, 'post', '2025-05-13 15:11:51', '2025-05-13 15:11:51'),
(294, 20, 238, 'post', '2025-05-13 15:11:52', '2025-05-13 15:11:52'),
(295, 20, 237, 'post', '2025-05-13 15:11:54', '2025-05-13 15:11:54'),
(296, 20, 236, 'post', '2025-05-13 15:11:56', '2025-05-13 15:11:56'),
(297, 20, 235, 'post', '2025-05-13 15:11:57', '2025-05-13 15:11:57'),
(298, 20, 234, 'post', '2025-05-13 15:11:59', '2025-05-13 15:11:59'),
(299, 20, 233, 'post', '2025-05-13 15:12:00', '2025-05-13 15:12:00'),
(300, 20, 232, 'post', '2025-05-13 15:12:01', '2025-05-13 15:12:01'),
(301, 20, 231, 'post', '2025-05-13 15:12:03', '2025-05-13 15:12:03'),
(302, 20, 230, 'post', '2025-05-13 15:12:04', '2025-05-13 15:12:04'),
(303, 20, 229, 'post', '2025-05-13 15:12:06', '2025-05-13 15:12:06'),
(304, 20, 228, 'post', '2025-05-13 15:12:07', '2025-05-13 15:12:07'),
(305, 20, 227, 'post', '2025-05-13 15:12:09', '2025-05-13 15:12:09'),
(306, 20, 225, 'post', '2025-05-13 15:12:10', '2025-05-13 15:12:10'),
(307, 20, 222, 'post', '2025-05-13 15:12:12', '2025-05-13 15:12:12'),
(308, 20, 219, 'post', '2025-05-13 15:12:13', '2025-05-13 15:12:13'),
(309, 20, 218, 'post', '2025-05-13 15:12:14', '2025-05-13 15:12:14'),
(310, 20, 217, 'post', '2025-05-13 15:12:15', '2025-05-13 15:12:15'),
(311, 20, 216, 'post', '2025-05-13 15:12:16', '2025-05-13 15:12:16'),
(312, 20, 215, 'post', '2025-05-13 15:12:17', '2025-05-13 15:12:17'),
(313, 20, 214, 'post', '2025-05-13 15:12:18', '2025-05-13 15:12:18'),
(314, 20, 213, 'post', '2025-05-13 15:12:19', '2025-05-13 15:12:19'),
(315, 20, 210, 'post', '2025-05-13 15:12:20', '2025-05-13 15:12:20'),
(316, 20, 203, 'post', '2025-05-13 15:12:22', '2025-05-13 15:12:22'),
(317, 20, 202, 'post', '2025-05-13 15:12:23', '2025-05-13 15:12:23'),
(318, 20, 171, 'post', '2025-05-13 15:12:24', '2025-05-13 15:12:24'),
(319, 20, 119, 'post', '2025-05-13 15:12:25', '2025-05-13 15:12:25'),
(320, 20, 118, 'post', '2025-05-13 15:12:26', '2025-05-13 15:12:26'),
(321, 20, 87, 'post', '2025-05-13 15:12:27', '2025-05-13 15:12:27'),
(322, 20, 85, 'post', '2025-05-13 15:12:28', '2025-05-13 15:12:28'),
(323, 20, 48, 'post', '2025-05-13 15:12:30', '2025-05-13 15:12:30'),
(324, 20, 47, 'post', '2025-05-13 15:12:31', '2025-05-13 15:12:31'),
(325, 21, 258, 'post', '2025-05-13 15:14:40', '2025-05-13 15:14:40'),
(326, 21, 257, 'post', '2025-05-13 15:14:41', '2025-05-13 15:14:41'),
(327, 21, 256, 'post', '2025-05-13 15:14:43', '2025-05-13 15:14:43'),
(328, 21, 255, 'post', '2025-05-13 15:14:44', '2025-05-13 15:14:44'),
(329, 21, 254, 'post', '2025-05-13 15:14:45', '2025-05-13 15:14:45'),
(330, 21, 241, 'post', '2025-05-13 15:14:50', '2025-05-13 15:14:50'),
(331, 21, 240, 'post', '2025-05-13 15:14:51', '2025-05-13 15:14:51'),
(332, 21, 239, 'post', '2025-05-13 15:14:52', '2025-05-13 15:14:52'),
(333, 21, 238, 'post', '2025-05-13 15:14:54', '2025-05-13 15:14:54'),
(334, 21, 237, 'post', '2025-05-13 15:14:56', '2025-05-13 15:14:56'),
(335, 21, 236, 'post', '2025-05-13 15:14:57', '2025-05-13 15:14:57'),
(336, 21, 235, 'post', '2025-05-13 15:14:58', '2025-05-13 15:14:58'),
(337, 21, 234, 'post', '2025-05-13 15:14:59', '2025-05-13 15:14:59'),
(338, 21, 233, 'post', '2025-05-13 15:15:01', '2025-05-13 15:15:01'),
(339, 21, 232, 'post', '2025-05-13 15:15:02', '2025-05-13 15:15:02'),
(340, 21, 231, 'post', '2025-05-13 15:15:03', '2025-05-13 15:15:03'),
(341, 21, 230, 'post', '2025-05-13 15:15:05', '2025-05-13 15:15:05'),
(342, 21, 229, 'post', '2025-05-13 15:15:06', '2025-05-13 15:15:06'),
(343, 21, 228, 'post', '2025-05-13 15:15:07', '2025-05-13 15:15:07'),
(344, 21, 227, 'post', '2025-05-13 15:15:08', '2025-05-13 15:15:08'),
(345, 21, 225, 'post', '2025-05-13 15:15:10', '2025-05-13 15:15:10'),
(346, 21, 222, 'post', '2025-05-13 15:15:10', '2025-05-13 15:15:10'),
(347, 21, 221, 'post', '2025-05-13 15:15:11', '2025-05-13 15:15:11'),
(348, 21, 220, 'post', '2025-05-13 15:15:13', '2025-05-13 15:15:13'),
(349, 21, 219, 'post', '2025-05-13 15:15:14', '2025-05-13 15:15:14'),
(350, 21, 218, 'post', '2025-05-13 15:15:15', '2025-05-13 15:15:15'),
(351, 21, 217, 'post', '2025-05-13 15:15:15', '2025-05-13 15:15:15'),
(352, 21, 216, 'post', '2025-05-13 15:15:17', '2025-05-13 15:15:17'),
(353, 21, 215, 'post', '2025-05-13 15:15:17', '2025-05-13 15:15:17'),
(354, 21, 214, 'post', '2025-05-13 15:15:19', '2025-05-13 15:15:19'),
(355, 21, 213, 'post', '2025-05-13 15:15:19', '2025-05-13 15:15:19'),
(356, 21, 210, 'post', '2025-05-13 15:15:21', '2025-05-13 15:15:21'),
(357, 21, 203, 'post', '2025-05-13 15:15:22', '2025-05-13 15:15:22'),
(358, 21, 202, 'post', '2025-05-13 15:15:23', '2025-05-13 15:15:23'),
(359, 21, 171, 'post', '2025-05-13 15:15:24', '2025-05-13 15:15:24'),
(360, 21, 119, 'post', '2025-05-13 15:15:25', '2025-05-13 15:15:25'),
(361, 21, 118, 'post', '2025-05-13 15:15:27', '2025-05-13 15:15:27'),
(362, 21, 87, 'post', '2025-05-13 15:15:28', '2025-05-13 15:15:28'),
(363, 21, 85, 'post', '2025-05-13 15:15:29', '2025-05-13 15:15:29'),
(364, 21, 48, 'post', '2025-05-13 15:15:31', '2025-05-13 15:15:31'),
(365, 21, 47, 'post', '2025-05-13 15:15:32', '2025-05-13 15:15:32'),
(366, 21, 46, 'post', '2025-05-13 15:15:33', '2025-05-13 15:15:33'),
(367, 9, 259, 'post', '2025-05-13 15:28:39', '2025-05-13 15:28:39'),
(368, 21, 259, 'post', '2025-05-13 15:29:15', '2025-05-13 15:29:15'),
(369, 9, 236, 'post', '2025-05-13 15:43:34', '2025-05-13 15:43:34'),
(370, 9, 237, 'post', '2025-05-13 15:43:35', '2025-05-13 15:43:35'),
(371, 9, 238, 'post', '2025-05-13 15:43:36', '2025-05-13 15:43:36'),
(372, 9, 239, 'post', '2025-05-13 15:43:37', '2025-05-13 15:43:37'),
(376, 9, 227, 'post', '2025-05-13 15:54:45', '2025-05-13 15:54:45'),
(377, 9, 230, 'post', '2025-05-13 15:54:48', '2025-05-13 15:54:48'),
(378, 9, 231, 'post', '2025-05-13 15:54:50', '2025-05-13 15:54:50'),
(379, 9, 229, 'post', '2025-05-13 15:54:53', '2025-05-13 15:54:53'),
(380, 9, 228, 'post', '2025-05-13 15:54:55', '2025-05-13 15:54:55'),
(381, 9, 258, 'post', '2025-05-13 15:58:00', '2025-05-13 15:58:00'),
(383, 9, 256, 'post', '2025-05-13 15:58:03', '2025-05-13 15:58:03'),
(384, 9, 255, 'post', '2025-05-13 15:58:04', '2025-05-13 15:58:04'),
(387, 9, 252, 'post', '2025-05-13 15:58:09', '2025-05-13 15:58:09'),
(390, 9, 249, 'post', '2025-05-13 15:58:13', '2025-05-13 15:58:13'),
(391, 9, 248, 'post', '2025-05-13 15:58:14', '2025-05-13 15:58:14'),
(392, 9, 247, 'post', '2025-05-13 15:58:16', '2025-05-13 15:58:16'),
(393, 9, 246, 'post', '2025-05-13 15:58:18', '2025-05-13 15:58:18'),
(394, 9, 245, 'post', '2025-05-13 15:58:19', '2025-05-13 15:58:19'),
(396, 9, 243, 'post', '2025-05-13 15:58:22', '2025-05-13 15:58:22'),
(397, 9, 242, 'post', '2025-05-13 15:58:24', '2025-05-13 15:58:24'),
(398, 9, 241, 'post', '2025-05-13 15:58:26', '2025-05-13 15:58:26'),
(399, 9, 235, 'post', '2025-05-13 15:58:31', '2025-05-13 15:58:31'),
(401, 9, 233, 'post', '2025-05-13 15:58:34', '2025-05-13 15:58:34'),
(402, 9, 232, 'post', '2025-05-13 15:58:35', '2025-05-13 15:58:35'),
(404, 9, 254, 'post', '2025-05-13 16:06:29', '2025-05-13 16:06:29'),
(405, 9, 253, 'post', '2025-05-13 16:06:30', '2025-05-13 16:06:30'),
(407, 9, 234, 'post', '2025-05-13 17:21:58', '2025-05-13 17:21:58'),
(408, 9, 260, 'post', '2025-05-13 17:44:30', '2025-05-13 17:44:30'),
(409, 9, 257, 'post', '2025-05-13 18:44:18', '2025-05-13 18:44:18'),
(410, 9, 220, 'post', '2025-05-13 19:10:01', '2025-05-13 19:10:01'),
(414, 9, 240, 'post', '2025-05-13 19:14:27', '2025-05-13 19:14:27'),
(416, 9, 250, 'post', '2025-05-14 10:31:22', '2025-05-14 10:31:22'),
(423, 9, 225, 'post', '2025-05-14 13:38:27', '2025-05-14 13:38:27'),
(434, 9, 48, 'post', '2025-05-14 15:54:01', '2025-05-14 15:54:01'),
(436, 9, 251, 'post', '2025-05-14 15:56:53', '2025-05-14 15:56:53'),
(437, 9, 244, 'post', '2025-05-14 16:55:19', '2025-05-14 16:55:19'),
(438, 9, 261, 'post', '2025-05-14 17:08:25', '2025-05-14 17:08:25');

-- --------------------------------------------------------

--
-- Table structure for table `twitter_notifications`
--

CREATE TABLE `twitter_notifications` (
  `id` int(11) NOT NULL,
  `user_id` int(11) DEFAULT NULL,
  `type` enum('like','follow','comment','reply') DEFAULT NULL,
  `message` varchar(255) DEFAULT NULL,
  `created_at` timestamp NOT NULL DEFAULT current_timestamp(),
  `updated_at` timestamp NOT NULL DEFAULT current_timestamp()
) ENGINE=InnoDB DEFAULT CHARSET=utf8mb4 COLLATE=utf8mb4_general_ci;

--
-- Dumping data for table `twitter_notifications`
--

INSERT INTO `twitter_notifications` (`id`, `user_id`, `type`, `message`, `created_at`, `updated_at`) VALUES
(13, 14, 'follow', '@ravi started to following you.', '2025-05-14 13:51:48', '2025-05-14 13:51:48'),
(14, 9, 'follow', '@vishal started to following you.', '2025-05-14 14:00:31', '2025-05-14 14:00:31');

-- --------------------------------------------------------

--
-- Table structure for table `twitter_posts`
--

CREATE TABLE `twitter_posts` (
  `id` int(11) NOT NULL,
  `user_id` int(11) DEFAULT NULL,
  `content` varchar(255) DEFAULT NULL,
  `media` varchar(255) DEFAULT NULL,
  `created_at` timestamp NOT NULL DEFAULT current_timestamp(),
  `updated_at` timestamp NOT NULL DEFAULT current_timestamp()
) ENGINE=InnoDB DEFAULT CHARSET=utf8mb4 COLLATE=utf8mb4_general_ci;

--
-- Dumping data for table `twitter_posts`
--

INSERT INTO `twitter_posts` (`id`, `user_id`, `content`, `media`, `created_at`, `updated_at`) VALUES
(46, 9, 'Hey... this is my first post...!', 'audi1746623394.png', '2025-05-07 13:09:54', '2025-05-07 13:09:54'),
(47, 9, 'Hello...!', NULL, '2025-05-07 13:12:15', '2025-05-07 13:12:15'),
(48, 9, 'New iphone...', 'iphone151746623864.png', '2025-05-07 13:17:44', '2025-05-07 13:17:44'),
(85, 9, 'Hi Everyone...', NULL, '2025-05-08 10:03:19', '2025-05-08 10:03:19'),
(87, 9, 'Hello Guys...! My name is Ravi Mali', NULL, '2025-05-08 12:02:27', '2025-05-08 12:02:27'),
(118, 9, 'I am going to Home', NULL, '2025-05-08 14:02:59', '2025-05-08 14:02:59'),
(119, 9, 'Good Morning...!', NULL, '2025-05-09 04:25:27', '2025-05-09 04:25:27'),
(171, 9, 'Hello', NULL, '2025-05-09 11:36:55', '2025-05-09 11:36:55'),
(202, 9, 'I am here...!', NULL, '2025-05-11 08:27:46', '2025-05-11 08:27:46'),
(203, 9, 'Good Morning...!', NULL, '2025-05-12 04:48:08', '2025-05-12 04:48:08'),
(210, 9, 'assaasx', NULL, '2025-05-12 11:53:20', '2025-05-12 11:53:20'),
(213, 14, 'Hello', NULL, '2025-05-12 12:13:49', '2025-05-12 12:13:49'),
(214, 15, 'This is Kamlesh Mali', NULL, '2025-05-12 12:53:23', '2025-05-12 12:53:23'),
(215, 15, 'Good evening Guys...!', NULL, '2025-05-12 12:54:00', '2025-05-12 12:54:00'),
(216, 15, 'Hello', NULL, '2025-05-12 12:54:03', '2025-05-12 12:54:03'),
(217, 16, 'Hi I am Vikram Mali', NULL, '2025-05-12 12:55:58', '2025-05-12 12:55:58'),
(218, 19, 'Hi, how are you...?', NULL, '2025-05-12 12:58:41', '2025-05-12 12:58:41'),
(219, 20, 'Hi, I am unknown user...', NULL, '2025-05-12 13:00:03', '2025-05-12 13:00:03'),
(220, 20, 'Do you know me?', NULL, '2025-05-12 13:00:40', '2025-05-12 13:00:40'),
(221, 20, 'Its India vs Pakistan...', NULL, '2025-05-12 13:00:54', '2025-05-12 13:00:54'),
(222, 17, 'Hi this is Jagdish Mali', NULL, '2025-05-12 13:03:02', '2025-05-12 13:03:02'),
(225, 9, 'Good Morning', NULL, '2025-05-13 04:16:02', '2025-05-13 04:16:02'),
(227, 15, 'Hello, how are you..?', 'x1747128764.avif', '2025-05-13 09:32:44', '2025-05-13 09:32:44'),
(228, 15, NULL, 'user1747128775.jpg', '2025-05-13 09:32:55', '2025-05-13 09:32:55'),
(229, 15, NULL, 'bag1747128782.png', '2025-05-13 09:33:02', '2025-05-13 09:33:02'),
(230, 15, NULL, 'audi1747128786.png', '2025-05-13 09:33:06', '2025-05-13 09:33:06'),
(231, 15, NULL, 'iphone151747128792.png', '2025-05-13 09:33:12', '2025-05-13 09:33:12'),
(232, 14, NULL, 'x1747128840.avif', '2025-05-13 09:34:00', '2025-05-13 09:34:00'),
(233, 14, NULL, 'Capture1747128847.PNG', '2025-05-13 09:34:07', '2025-05-13 09:34:07'),
(234, 14, NULL, 'Screenshot (3)1747128853.png', '2025-05-13 09:34:13', '2025-05-13 09:34:13'),
(235, 14, NULL, 'bag1747128861.png', '2025-05-13 09:34:21', '2025-05-13 09:34:21'),
(236, 16, NULL, 'twitter1747128918.png', '2025-05-13 09:35:18', '2025-05-13 09:35:18'),
(237, 16, NULL, 'x1747128922.avif', '2025-05-13 09:35:22', '2025-05-13 09:35:22'),
(238, 16, NULL, 'bag1747128930.png', '2025-05-13 09:35:30', '2025-05-13 09:35:30'),
(239, 16, NULL, 'iphone151747128940.png', '2025-05-13 09:35:40', '2025-05-13 09:35:40'),
(240, 16, NULL, 'audi1747128950.png', '2025-05-13 09:35:50', '2025-05-13 09:35:50'),
(241, 17, NULL, 'iphone151747129009.png', '2025-05-13 09:36:49', '2025-05-13 09:36:49'),
(242, 17, 'wwdcsdcdc', 'twitter1747129016.png', '2025-05-13 09:36:56', '2025-05-13 09:36:56'),
(243, 17, NULL, 'bag1747129021.png', '2025-05-13 09:37:01', '2025-05-13 09:37:01'),
(244, 17, NULL, 'user1747129026.jpg', '2025-05-13 09:37:06', '2025-05-13 09:37:06'),
(245, 19, 'Hello', 'twitter (1)1747129122.png', '2025-05-13 09:38:42', '2025-05-13 09:38:42'),
(246, 19, 'Good Noon', 'bag1747129132.png', '2025-05-13 09:38:52', '2025-05-13 09:38:52'),
(247, 19, NULL, 'iphone151747129138.png', '2025-05-13 09:38:58', '2025-05-13 09:38:58'),
(248, 19, NULL, 'audi1747129145.png', '2025-05-13 09:39:05', '2025-05-13 09:39:05'),
(249, 19, NULL, 'Capture1747129169.PNG', '2025-05-13 09:39:29', '2025-05-13 09:39:29'),
(250, 19, NULL, 'Screenshot (2)1747129177.png', '2025-05-13 09:39:37', '2025-05-13 09:39:37'),
(251, 19, NULL, 'Screenshot (3)1747129183.png', '2025-05-13 09:39:43', '2025-05-13 09:39:43'),
(252, 19, NULL, 'Screenshot (4)1747129192.png', '2025-05-13 09:39:52', '2025-05-13 09:39:52'),
(253, 20, NULL, 'Screenshot (2)1747129364.png', '2025-05-13 09:42:44', '2025-05-13 09:42:44'),
(254, 20, NULL, 'Screenshot (4)1747129368.png', '2025-05-13 09:42:48', '2025-05-13 09:42:48'),
(255, 20, NULL, 'Screenshot (8)1747129410.png', '2025-05-13 09:43:30', '2025-05-13 09:43:30'),
(256, 20, NULL, 'Screenshot (1)1747129414.png', '2025-05-13 09:43:34', '2025-05-13 09:43:34'),
(257, 20, NULL, 'Screenshot (2)1747129421.png', '2025-05-13 09:43:41', '2025-05-13 09:43:41'),
(258, 20, NULL, 'Screenshot (4)1747129424.png', '2025-05-13 09:43:44', '2025-05-13 09:43:44'),
(259, 21, 'Hello...!', NULL, '2025-05-13 09:50:00', '2025-05-13 09:50:00'),
(260, 9, NULL, 'bag1747136061.png', '2025-05-13 11:34:21', '2025-05-13 11:34:21'),
(261, 9, 'Good Morning...!', NULL, '2025-05-14 04:07:58', '2025-05-14 04:07:58');

-- --------------------------------------------------------

--
-- Table structure for table `twitter_replies`
--

CREATE TABLE `twitter_replies` (
  `id` int(11) NOT NULL,
  `user_id` int(11) DEFAULT NULL,
  `comment_id` int(11) DEFAULT NULL,
  `post_id` int(11) DEFAULT NULL,
  `reply` varchar(255) DEFAULT NULL,
  `created_at` timestamp NOT NULL DEFAULT current_timestamp(),
  `updated_at` timestamp NOT NULL DEFAULT current_timestamp()
) ENGINE=InnoDB DEFAULT CHARSET=utf8mb4 COLLATE=utf8mb4_general_ci;

-- --------------------------------------------------------

--
-- Table structure for table `twitter_users`
--

CREATE TABLE `twitter_users` (
  `id` int(11) NOT NULL,
  `name` varchar(255) DEFAULT NULL,
  `username` varchar(255) DEFAULT NULL,
  `email` varchar(255) DEFAULT NULL,
  `password` varchar(255) DEFAULT NULL,
  `dob` varchar(255) DEFAULT NULL,
  `bio` varchar(255) DEFAULT NULL,
  `profile_pic` varchar(255) DEFAULT NULL,
  `cover_pic` varchar(255) DEFAULT NULL,
  `joined_date` varchar(255) DEFAULT NULL,
  `created_at` timestamp NOT NULL DEFAULT current_timestamp(),
  `updated_at` timestamp NOT NULL DEFAULT current_timestamp()
) ENGINE=InnoDB DEFAULT CHARSET=utf8mb4 COLLATE=utf8mb4_general_ci;

--
-- Dumping data for table `twitter_users`
--

INSERT INTO `twitter_users` (`id`, `name`, `username`, `email`, `password`, `dob`, `bio`, `profile_pic`, `cover_pic`, `joined_date`, `created_at`, `updated_at`) VALUES
(9, 'Ravi', 'ravi', 'ravi@gmail.com', 'dd4b21e9ef71e1291183a46b913ae6f2', '2003-04-02', 'Web Developer', 'bag1747135977.png', 'Capture1746712207.PNG', 'May 2025', '2025-05-07 12:33:11', '2025-05-07 12:33:11'),
(14, 'Vishal Mali', 'vishal', 'vishal@gmail.com', 'dd4b21e9ef71e1291183a46b913ae6f2', '2000-01-05', '', 'iphone151747054065.png', 'audi1747054065.png', 'May 2025', '2025-05-09 05:43:41', '2025-05-09 05:43:41'),
(15, 'Kamlesh Mali', 'kamlesh', 'kamlesh@gmail.com', 'dd4b21e9ef71e1291183a46b913ae6f2', '1999-11-13', 'Welcome to my profile', 'user1747054348.jpg', 'Capture1747054348.PNG', 'May 2025', '2025-05-09 05:44:20', '2025-05-09 05:44:20'),
(16, 'Vikram Mali', 'vikram', 'vikram@gmail.com', 'dd4b21e9ef71e1291183a46b913ae6f2', '2002-05-10', '', 'happy1747054575.png', 'Capture1747054575.PNG', 'May 2025', '2025-05-09 05:44:51', '2025-05-09 05:44:51'),
(17, 'Jagdish Mali', 'jagdish', 'jagdish@gmail.com', 'dd4b21e9ef71e1291183a46b913ae6f2', '1998-01-01', '', 'grok1747055000.png', 'background1747055000.PNG', 'May 2025', '2025-05-09 05:45:26', '2025-05-09 05:45:26'),
(19, 'Kishan Lal', 'kishanlal', 'kishanlal@gmail.com', 'dd4b21e9ef71e1291183a46b913ae6f2', '1975-01-01', '', 'verified1747054706.png', 'Capture1747054706.PNG', 'May 2025', '2025-05-09 05:46:56', '2025-05-09 05:46:56'),
(20, 'Ravi Mali', 'ravimali', 'ravimali@gmail.com', 'dd4b21e9ef71e1291183a46b913ae6f2', '2003-04-02', 'BCA Gold Medalist, Science day 1st Rank on district level ', 'user1746769874.jpg', 'Capture1746769812.PNG', 'May 2025', '2025-05-09 05:47:58', '2025-05-09 05:47:58'),
(21, 'Suresh Mali', 'suresh', 'suresh@gmail.com', 'dd4b21e9ef71e1291183a46b913ae6f2', '2000-01-01', '', '', '', 'May 2025', '2025-05-13 05:59:33', '2025-05-13 05:59:33');

--
-- Indexes for dumped tables
--

--
-- Indexes for table `twitter_comments`
--
ALTER TABLE `twitter_comments`
  ADD PRIMARY KEY (`id`),
  ADD KEY `user_id` (`user_id`),
  ADD KEY `post_id` (`post_id`);

--
-- Indexes for table `twitter_followers`
--
ALTER TABLE `twitter_followers`
  ADD PRIMARY KEY (`id`),
  ADD KEY `follower_id` (`follower_id`),
  ADD KEY `following_id` (`following_id`);

--
-- Indexes for table `twitter_likes`
--
ALTER TABLE `twitter_likes`
  ADD PRIMARY KEY (`id`),
  ADD KEY `user_id` (`user_id`);

--
-- Indexes for table `twitter_notifications`
--
ALTER TABLE `twitter_notifications`
  ADD PRIMARY KEY (`id`),
  ADD KEY `user_id` (`user_id`);

--
-- Indexes for table `twitter_posts`
--
ALTER TABLE `twitter_posts`
  ADD PRIMARY KEY (`id`),
  ADD KEY `user_id` (`user_id`);

--
-- Indexes for table `twitter_replies`
--
ALTER TABLE `twitter_replies`
  ADD PRIMARY KEY (`id`),
  ADD KEY `user_id` (`user_id`),
  ADD KEY `post_id` (`post_id`),
  ADD KEY `comment_id` (`comment_id`);

--
-- Indexes for table `twitter_users`
--
ALTER TABLE `twitter_users`
  ADD PRIMARY KEY (`id`);

--
-- AUTO_INCREMENT for dumped tables
--

--
-- AUTO_INCREMENT for table `twitter_comments`
--
ALTER TABLE `twitter_comments`
  MODIFY `id` int(11) NOT NULL AUTO_INCREMENT, AUTO_INCREMENT=59;

--
-- AUTO_INCREMENT for table `twitter_followers`
--
ALTER TABLE `twitter_followers`
  MODIFY `id` int(11) NOT NULL AUTO_INCREMENT, AUTO_INCREMENT=268;

--
-- AUTO_INCREMENT for table `twitter_likes`
--
ALTER TABLE `twitter_likes`
  MODIFY `id` int(11) NOT NULL AUTO_INCREMENT, AUTO_INCREMENT=439;

--
-- AUTO_INCREMENT for table `twitter_notifications`
--
ALTER TABLE `twitter_notifications`
  MODIFY `id` int(11) NOT NULL AUTO_INCREMENT, AUTO_INCREMENT=15;

--
-- AUTO_INCREMENT for table `twitter_posts`
--
ALTER TABLE `twitter_posts`
  MODIFY `id` int(11) NOT NULL AUTO_INCREMENT, AUTO_INCREMENT=274;

--
-- AUTO_INCREMENT for table `twitter_replies`
--
ALTER TABLE `twitter_replies`
  MODIFY `id` int(11) NOT NULL AUTO_INCREMENT;

--
-- AUTO_INCREMENT for table `twitter_users`
--
ALTER TABLE `twitter_users`
  MODIFY `id` int(11) NOT NULL AUTO_INCREMENT, AUTO_INCREMENT=22;

--
-- Constraints for dumped tables
--

--
-- Constraints for table `twitter_comments`
--
ALTER TABLE `twitter_comments`
  ADD CONSTRAINT `twitter_comments_ibfk_1` FOREIGN KEY (`user_id`) REFERENCES `twitter_users` (`id`),
  ADD CONSTRAINT `twitter_comments_ibfk_2` FOREIGN KEY (`post_id`) REFERENCES `twitter_posts` (`id`);

--
-- Constraints for table `twitter_followers`
--
ALTER TABLE `twitter_followers`
  ADD CONSTRAINT `twitter_followers_ibfk_1` FOREIGN KEY (`follower_id`) REFERENCES `twitter_users` (`id`),
  ADD CONSTRAINT `twitter_followers_ibfk_2` FOREIGN KEY (`following_id`) REFERENCES `twitter_users` (`id`);

--
-- Constraints for table `twitter_likes`
--
ALTER TABLE `twitter_likes`
  ADD CONSTRAINT `twitter_likes_ibfk_1` FOREIGN KEY (`user_id`) REFERENCES `twitter_users` (`id`) ON DELETE CASCADE;

--
-- Constraints for table `twitter_notifications`
--
ALTER TABLE `twitter_notifications`
  ADD CONSTRAINT `twitter_notifications_ibfk_1` FOREIGN KEY (`user_id`) REFERENCES `twitter_users` (`id`);

--
-- Constraints for table `twitter_posts`
--
ALTER TABLE `twitter_posts`
  ADD CONSTRAINT `twitter_posts_ibfk_1` FOREIGN KEY (`user_id`) REFERENCES `twitter_users` (`id`);

--
-- Constraints for table `twitter_replies`
--
ALTER TABLE `twitter_replies`
  ADD CONSTRAINT `twitter_replies_ibfk_1` FOREIGN KEY (`user_id`) REFERENCES `twitter_users` (`id`),
  ADD CONSTRAINT `twitter_replies_ibfk_2` FOREIGN KEY (`post_id`) REFERENCES `twitter_posts` (`id`),
  ADD CONSTRAINT `twitter_replies_ibfk_3` FOREIGN KEY (`comment_id`) REFERENCES `twitter_comments` (`id`);
COMMIT;

/*!40101 SET CHARACTER_SET_CLIENT=@OLD_CHARACTER_SET_CLIENT */;
/*!40101 SET CHARACTER_SET_RESULTS=@OLD_CHARACTER_SET_RESULTS */;
/*!40101 SET COLLATION_CONNECTION=@OLD_COLLATION_CONNECTION */;
